temperature,humidite_air,humidite_sol,vitesse_vent,label
26.24,70.54,64.83,54.81,4
43.52,81.7,17.24,31.52,2
36.96,32.54,87.24,43.49,4
32.96,66.24,61.31,26.16,0
19.68,61.46,15.72,37.8,1
19.68,84.95,96.23,20.43,0
16.74,91.55,51.84,18.07,0
40.99,11.09,7.29,34.69,2
33.03,70.66,62.68,29.89,0
36.24,14.67,25.32,34.77,1
15.62,59.4,80.37,17.2,0
44.1,35.89,81.78,22.02,0
39.97,37.61,97.89,5.03,0
21.37,41.77,50.19,3.14,0
20.45,65.92,45.5,15.21,0
20.5,40.06,75.35,4.45,0
24.13,75.94,13.25,6.23,1
30.74,46.41,54.69,48.78,4
27.96,16.15,54.62,2.33,0
23.74,80.54,8.95,39.54,1
33.36,35.72,41.8,16.35,0
19.18,48.95,85.33,52.29,4
23.76,71.69,85.62,29.1,0
25.99,39.92,9.92,18.33,1
28.68,15.09,9.07,31.06,1
38.56,43.65,26.27,22.92,2
20.99,95.0,87.48,33.86,0
30.43,67.76,12.89,6.87,1
32.77,70.43,72.0,59.82,4
16.39,66.91,10.12,25.53,1
33.23,27.91,62.31,20.89,0
20.12,47.65,35.61,42.61,4
16.95,77.58,78.89,21.83,0
43.47,19.12,23.37,50.0,2
43.97,35.01,63.92,27.26,0
39.25,34.87,23.57,43.17,2
24.14,48.88,71.37,6.45,0
17.93,98.23,87.37,50.77,4
35.53,16.08,12.68,44.14,4
28.2,56.68,86.66,12.7,0
18.66,26.14,59.36,8.72,0
29.86,97.36,12.71,18.98,3
16.03,20.2,42.75,58.56,4
42.28,46.32,16.09,15.41,2
22.76,76.41,70.03,27.37,0
34.88,73.41,75.89,1.8,0
24.35,48.05,10.58,23.83,1
30.6,41.19,50.61,34.28,0
31.4,45.79,81.46,57.19,4
20.55,33.78,93.62,31.0,0
44.09,28.48,51.35,49.15,4
38.25,53.47,95.03,32.83,0
43.18,34.17,53.57,2.45,0
41.84,35.87,39.42,18.9,0
32.94,69.11,84.82,34.53,0
42.66,97.17,49.3,57.04,4
17.65,64.33,47.19,51.55,4
20.88,16.93,49.03,13.7,0
16.36,16.8,84.68,13.21,0
24.76,95.63,83.19,12.07,0
26.66,36.76,40.35,55.35,4
23.14,18.29,33.33,51.16,4
39.86,63.91,49.19,46.49,4
25.7,66.13,57.28,23.56,0
23.43,68.37,23.83,30.26,1
31.28,34.07,79.4,27.86,0
19.23,11.36,48.65,15.2,0
39.07,96.85,33.4,30.3,3
17.24,32.58,10.68,1.83,1
44.61,70.84,23.88,7.91,2
38.17,73.6,94.93,53.2,4
20.96,64.9,30.51,45.1,4
15.17,38.16,16.89,25.37,1
39.46,34.4,46.07,31.03,0
36.21,63.79,30.71,22.2,1
36.87,87.95,3.52,44.45,4
38.14,95.21,32.31,47.05,4
17.22,19.53,54.41,45.8,4
25.75,23.93,55.17,43.36,3
18.48,95.03,35.66,12.27,0
40.89,76.29,44.73,20.28,3
33.7,89.47,96.55,28.19,3
24.93,28.24,37.73,19.85,0
16.91,62.88,25.82,45.3,4
24.33,73.1,24.35,19.76,1
24.76,71.21,45.78,8.29,0
36.89,46.73,75.95,23.94,0
34.13,11.39,20.6,58.79,4
41.62,62.46,70.93,13.55,0
29.17,32.78,2.11,36.73,1
18.59,50.52,41.89,25.98,0
36.4,96.18,77.59,4.26,3
37.82,45.91,33.87,29.27,1
31.84,85.58,56.37,42.13,4
38.13,26.97,20.5,30.79,2
29.81,70.52,74.2,52.33,4
30.68,97.93,5.23,17.34,3
27.83,19.17,85.25,5.17,0
15.76,10.75,19.82,56.19,4
18.24,49.02,87.44,22.69,0
15.94,18.34,35.25,34.58,0
34.09,77.35,72.27,47.52,4
24.43,92.31,31.92,19.46,1
30.26,49.06,90.59,42.97,4
42.23,33.28,12.66,8.13,2
22.48,49.1,17.85,17.48,1
27.31,75.11,49.3,8.68,0
37.67,10.81,8.19,48.67,4
21.86,63.05,19.6,13.36,1
17.31,65.2,94.38,43.04,4
23.69,67.39,97.65,56.6,4
19.84,31.78,37.63,31.67,0
42.89,74.26,92.33,32.4,0
39.24,18.23,54.48,27.66,0
34.0,27.93,26.97,19.55,1
41.14,88.97,70.24,28.54,3
39.11,76.49,65.89,36.17,3
20.6,11.24,98.91,59.16,4
41.78,32.35,26.5,56.27,2
31.18,29.3,67.21,51.73,4
39.22,34.37,5.2,53.35,2
41.88,32.28,11.36,28.07,2
24.54,15.63,0.39,39.45,1
18.3,51.3,99.95,53.7,4
21.84,75.95,80.23,23.58,0
27.81,64.61,78.67,57.71,4
39.54,70.56,50.97,24.95,0
40.82,17.3,30.01,36.06,1
15.21,95.63,15.13,42.59,4
30.32,85.46,28.47,57.04,4
27.52,82.46,37.6,14.68,0
21.66,84.07,75.63,44.77,4
18.6,93.94,53.97,31.25,0
25.13,58.98,7.75,16.11,1
43.29,28.03,1.8,46.6,2
24.7,65.51,10.23,33.13,1
30.56,76.86,41.05,39.66,3
36.09,76.41,93.32,19.37,3
25.91,56.93,63.74,28.88,0
44.15,16.16,80.18,37.04,0
43.87,43.4,46.64,24.29,0
22.55,92.87,36.17,11.9,0
29.92,62.6,10.84,57.7,4
24.03,58.45,87.59,30.69,0
23.55,34.2,78.32,44.04,4
16.11,43.16,16.81,24.66,1
33.29,90.58,51.23,21.31,4
30.08,69.98,48.74,24.43,4
16.54,80.86,62.51,24.55,0
23.36,50.89,94.62,32.65,0
42.25,66.72,57.98,32.61,0
22.19,32.35,54.02,29.83,0
19.35,73.49,5.03,8.09,1
29.68,48.48,6.29,29.76,1
44.57,49.83,18.73,10.15,2
22.26,68.44,3.25,7.57,1
35.16,94.27,74.34,55.96,3
37.85,15.76,72.33,36.3,0
22.13,84.23,13.61,39.57,1
36.85,36.31,83.61,24.11,0
26.03,49.95,15.48,54.54,4
33.97,11.97,30.12,38.28,1
34.01,37.09,24.9,46.15,4
31.07,55.24,37.23,22.11,0
17.71,15.06,25.47,57.6,4
40.06,54.2,48.9,49.23,4
24.62,93.44,40.74,51.24,4
20.6,19.49,98.66,10.33,0
16.22,78.8,5.59,16.26,1
32.73,46.87,14.22,17.14,1
35.33,68.97,5.28,16.25,1
15.5,33.42,62.58,51.32,4
30.36,24.35,5.45,1.91,3
21.79,24.44,83.64,4.57,0
34.36,16.34,51.19,16.43,0
20.23,26.71,52.7,11.99,0
35.73,69.78,56.16,13.91,2
26.6,89.35,17.08,47.88,4
43.1,83.27,19.77,33.79,2
19.13,71.66,31.88,0.35,1
25.23,19.94,59.35,25.76,0
18.4,36.03,21.01,24.47,1
42.74,37.88,11.63,6.84,2
41.32,32.5,97.01,40.57,0
22.74,56.35,2.2,42.13,4
34.8,58.2,80.27,43.25,4
39.52,42.12,78.8,43.71,4
31.66,41.84,29.72,0.0,1
30.89,84.57,13.56,57.24,4
22.26,81.04,14.56,48.85,4
17.79,37.7,69.74,54.24,4
41.92,92.24,64.28,0.94,3
42.01,95.75,78.27,56.03,4
33.99,39.41,93.75,48.59,4
25.17,41.9,69.19,50.23,4
25.48,55.51,15.59,5.6,1
36.78,94.7,24.34,44.33,4
41.91,88.87,84.22,57.6,4
41.61,19.23,20.93,40.71,2
38.4,45.35,7.25,34.23,2
34.26,59.8,70.33,56.74,4
17.52,55.28,40.25,26.58,0
19.85,27.45,92.0,35.96,0
41.96,87.29,65.03,28.58,3
33.19,70.92,9.04,55.97,4
15.28,85.41,94.79,4.57,2
18.04,87.29,25.86,30.07,1
34.91,77.35,33.72,41.22,3
15.15,49.53,40.23,47.51,4
19.82,64.95,5.12,34.98,1
31.46,24.43,49.65,54.54,4
35.76,70.63,12.33,56.52,4
34.56,26.13,40.1,3.86,0
21.73,72.46,35.07,24.14,0
36.37,30.66,77.28,1.41,0
22.12,20.58,80.32,19.76,0
24.76,24.88,15.34,32.21,1
37.39,10.18,36.66,54.65,4
34.49,74.69,37.34,50.79,4
40.48,75.92,15.14,7.65,2
34.73,56.34,79.85,5.58,0
32.05,24.52,70.72,35.36,0
17.81,17.52,19.04,31.93,1
26.03,11.72,36.67,15.98,0
22.96,24.92,10.58,53.97,4
22.32,90.18,62.82,55.64,4
44.19,31.74,12.14,24.16,2
26.79,41.88,98.59,53.42,4
41.76,19.48,78.07,23.04,0
33.93,30.01,39.02,44.21,4
38.84,56.73,57.86,28.56,0
30.08,64.7,91.13,7.35,0
32.31,32.08,55.41,55.68,4
29.78,15.2,17.45,27.25,1
20.86,45.19,37.87,44.07,4
36.67,31.08,84.31,22.03,0
23.42,29.76,64.42,1.13,0
15.73,96.39,65.07,6.03,0
34.36,65.47,86.68,29.77,0
20.31,60.12,89.4,41.4,0
43.21,47.42,91.98,20.08,0
43.62,48.6,9.48,41.73,2
42.45,58.68,54.41,41.92,0
26.1,72.68,74.05,42.24,4
15.46,73.19,75.69,29.55,0
42.85,25.45,60.67,54.89,4
27.85,55.01,16.68,29.35,2
44.0,47.08,79.74,27.02,0
43.91,88.35,72.01,11.96,3
40.59,66.83,8.61,18.46,2
23.83,57.93,46.38,2.54,0
26.55,20.39,17.4,38.01,1
40.53,64.51,33.75,14.91,1
24.51,20.55,1.81,18.25,1
20.08,40.35,40.03,46.25,4
31.7,22.86,54.99,19.63,0
43.08,72.29,61.96,14.53,0
35.88,28.56,66.35,10.14,0
32.1,45.27,83.63,46.49,4
17.92,90.61,21.55,7.78,1
33.45,28.39,12.05,27.23,1
44.7,55.7,85.15,30.42,0
19.2,47.73,15.66,41.24,1
30.55,11.63,97.48,38.0,0
41.32,81.35,84.25,48.64,4
37.22,16.21,50.09,2.69,0
35.91,52.68,98.14,17.79,2
36.07,60.46,9.74,16.81,1
25.78,66.56,30.31,8.76,1
23.81,71.98,63.82,17.35,0
39.28,32.79,35.0,18.59,0
39.3,10.9,92.84,31.31,0
41.01,75.11,6.56,39.82,2
42.4,58.21,54.94,22.87,0
30.34,85.25,59.09,43.17,4
30.05,83.92,65.27,20.17,3
38.95,85.9,25.57,17.42,2
34.5,53.66,36.46,32.47,0
36.06,40.03,84.37,1.42,0
38.87,81.24,19.49,4.79,2
41.7,50.62,82.69,25.08,0
25.14,26.51,56.27,56.57,4
26.27,86.95,76.22,43.29,4
17.82,89.43,71.36,5.29,0
32.35,51.97,20.75,50.78,4
16.08,16.81,56.88,43.94,4
28.97,44.9,86.77,36.66,0
31.28,82.32,43.21,49.22,4
23.6,91.16,96.66,24.25,0
32.72,28.31,45.22,13.29,0
15.92,16.03,14.28,30.72,1
16.12,88.96,38.94,32.93,0
39.68,45.05,95.17,32.3,0
25.81,58.76,31.97,33.9,1
18.81,97.13,86.81,56.92,4
30.67,15.99,88.13,54.13,4
38.1,68.35,35.02,52.54,4
21.47,16.67,8.33,48.09,4
33.69,43.79,72.46,56.61,4
17.56,82.34,31.15,5.91,1
16.55,49.01,78.29,15.91,0
30.94,99.75,44.27,29.7,3
31.22,60.32,48.53,50.79,4
34.12,38.9,77.79,30.31,0
36.78,29.81,38.24,44.88,4
44.28,41.55,44.31,8.34,0
30.49,43.53,37.62,15.14,0
24.69,16.18,36.73,43.91,4
38.86,43.26,52.59,9.88,0
23.12,51.78,80.88,21.08,0
28.17,75.05,36.18,15.89,3
17.35,69.11,52.43,20.99,0
15.76,73.79,67.07,42.5,4
43.88,10.75,26.94,22.07,2
40.08,29.59,27.75,33.32,2
35.88,69.55,93.34,6.0,0
27.27,53.56,72.35,48.3,4
20.2,10.48,57.72,22.19,0
19.69,82.4,64.77,38.91,0
22.51,79.55,2.93,43.52,4
31.48,59.36,61.81,12.58,0
36.44,15.98,50.95,53.08,4
34.81,78.99,54.57,36.97,3
23.4,62.53,35.94,25.72,0
43.65,80.38,8.15,10.94,2
37.14,77.66,19.33,56.54,4
31.63,82.27,95.07,45.3,4
33.35,56.62,40.87,12.48,0
27.59,22.63,46.67,20.26,0
22.43,70.4,5.27,48.58,4
25.68,65.84,3.76,41.74,1
37.74,76.8,71.72,45.95,4
15.43,25.29,53.81,26.47,0
18.48,27.55,50.87,42.99,4
16.38,90.14,24.31,23.19,1
16.22,77.5,74.48,12.68,0
40.66,91.74,16.82,37.96,2
36.11,78.28,18.99,58.56,4
29.23,63.74,46.07,18.64,0
17.94,68.87,28.63,27.66,1
29.75,90.02,24.75,40.44,3
29.2,62.09,64.52,32.49,0
20.2,66.92,65.1,50.61,4
28.02,24.08,82.45,45.7,4
26.96,52.65,41.77,3.5,0
33.48,74.48,7.31,59.91,4
34.05,34.38,27.37,45.14,4
16.36,28.2,98.0,51.83,4
26.24,38.24,59.63,39.07,0
33.78,31.74,70.97,51.38,4
30.09,29.34,0.74,6.74,1
40.69,48.24,51.82,20.86,0
34.76,91.71,3.75,52.59,4
19.89,55.64,56.92,12.1,0
17.12,26.91,92.08,4.69,0
34.27,16.93,96.84,47.29,4
15.8,72.65,54.06,50.13,4
32.57,44.45,45.82,9.76,0
43.21,83.96,94.5,51.26,4
32.26,69.36,67.36,41.21,0
26.65,81.66,6.49,31.2,1
34.3,34.48,46.57,49.82,4
28.75,72.31,24.02,25.15,1
31.37,33.77,46.98,11.64,0
43.24,94.52,45.55,17.09,3
26.58,67.27,58.21,30.31,0
43.84,39.21,35.68,31.88,0
42.16,34.26,16.43,48.33,2
20.87,27.18,50.37,47.48,4
17.08,72.52,83.02,34.88,0
18.02,29.68,66.4,46.85,4
15.55,63.58,33.84,11.51,1
17.83,33.82,93.55,3.0,0
35.49,69.58,91.22,52.42,4
17.14,83.34,20.93,4.53,1
24.57,80.02,3.94,14.8,1
40.35,78.48,74.13,41.72,3
15.7,26.9,82.76,24.57,0
39.43,17.95,96.79,52.58,4
23.46,72.91,88.98,17.88,0
18.54,43.15,60.05,0.71,0
35.9,48.91,53.01,18.04,0
33.87,12.8,2.78,34.68,1
41.32,33.36,24.67,22.56,2
37.05,13.03,45.96,32.09,0
39.1,89.13,62.85,52.6,4
23.46,31.91,55.73,54.75,4
20.32,60.16,74.26,15.96,0
37.52,13.51,27.98,27.73,1
39.21,70.02,56.5,32.95,0
44.72,39.07,8.81,56.95,2
27.38,90.81,41.37,59.92,4
26.16,89.93,75.02,14.12,0
38.29,39.28,69.34,43.62,4
25.22,91.09,99.06,22.68,0
42.92,99.65,27.79,0.49,2
40.75,84.29,49.82,0.56,3
27.87,86.04,32.95,27.63,1
37.53,32.41,44.06,29.3,0
37.64,61.9,85.7,1.35,0
18.09,16.05,68.42,41.22,0
42.08,18.54,88.24,17.64,0
30.16,99.9,20.35,33.59,3
39.79,39.4,87.34,18.06,0
24.6,77.34,5.98,10.03,1
41.87,82.6,88.86,24.43,3
26.68,87.22,32.91,13.94,4
15.33,99.79,31.46,32.09,1
42.16,31.73,51.21,11.93,0
17.74,13.63,94.07,30.5,0
24.58,47.01,4.78,9.44,1
43.5,21.71,35.22,40.26,0
43.52,12.02,85.66,45.24,4
32.2,42.44,39.61,6.62,0
33.96,80.54,19.92,28.07,3
28.45,60.96,42.48,4.25,0
23.8,38.15,38.56,35.89,0
24.86,68.89,91.54,15.86,0
35.18,30.88,76.19,31.66,0
37.57,11.29,50.51,31.05,0
38.75,78.79,98.84,55.46,4
38.69,66.14,46.53,32.94,0
17.74,78.61,5.82,34.98,1
29.83,13.5,26.23,24.1,1
16.73,85.34,43.61,56.94,4
31.49,65.76,15.69,46.63,4
28.25,60.71,94.76,17.12,0
41.63,66.22,76.68,50.65,4
25.53,87.8,26.83,25.94,1
18.51,62.82,59.08,49.72,4
19.29,62.29,72.14,49.37,4
37.85,99.16,94.13,11.33,0
33.55,78.11,88.16,42.07,4
18.03,49.81,51.52,17.44,0
17.52,73.67,77.47,17.85,0
36.03,45.03,56.21,17.78,0
17.18,30.6,55.27,43.53,4
39.66,63.72,11.47,13.79,2
36.19,93.54,12.61,0.05,3
17.44,93.62,52.95,42.91,4
17.55,40.77,26.89,10.27,1
44.6,57.49,2.1,6.27,2
26.23,29.05,72.28,14.25,0
26.12,99.61,3.25,22.79,1
39.38,98.3,59.53,28.55,3
43.42,68.46,53.92,2.67,0
44.58,82.4,96.88,58.23,4
37.6,74.36,48.42,42.96,4
26.29,63.38,6.36,19.39,1
17.51,14.8,55.17,19.12,0
38.31,50.93,84.11,26.91,0
31.75,70.73,99.68,37.57,0
27.73,70.98,43.03,8.78,2
42.19,43.58,32.03,11.34,1
18.34,94.75,90.67,51.57,4
29.78,25.06,19.12,15.38,1
15.34,55.03,61.54,22.81,0
29.06,72.18,40.57,52.28,4
16.69,72.74,4.11,39.79,1
18.56,68.38,34.73,20.5,1
18.53,34.78,26.52,41.02,1
34.48,24.06,68.61,1.18,0
37.38,67.23,94.88,44.14,4
32.5,63.94,26.8,29.22,1
43.87,26.14,81.15,48.79,4
26.25,73.46,5.54,57.28,4
23.57,50.97,53.81,55.55,4
41.06,70.1,7.06,54.56,2
21.71,85.36,93.4,30.73,0
43.9,25.28,76.64,21.61,0
15.36,11.72,65.79,27.9,0
44.1,80.12,82.39,41.39,3
16.29,64.87,64.75,53.04,4
41.73,72.97,96.89,12.42,0
30.83,85.43,71.4,55.09,4
44.79,82.25,92.47,48.91,4
17.21,96.48,51.71,58.73,4
31.62,58.23,11.71,52.82,4
44.08,53.96,52.82,16.8,0
30.69,46.17,12.69,6.36,1
33.88,23.83,59.25,6.73,0
35.87,61.53,48.25,17.47,0
28.64,34.93,62.26,36.85,0
33.83,92.92,1.0,48.26,4
32.53,62.49,19.48,53.96,4
42.03,63.36,49.13,37.43,0
16.36,41.94,95.05,0.34,0
23.43,14.68,38.36,11.18,0
43.51,12.86,42.44,5.98,0
41.71,48.1,71.47,21.8,0
28.67,17.61,60.38,30.08,0
33.6,64.62,29.89,2.6,1
23.32,89.29,41.08,20.91,0
20.64,89.46,21.77,10.75,1
28.91,69.31,96.6,38.82,0
25.6,29.01,13.06,27.86,1
32.51,87.67,37.18,29.72,3
17.33,89.75,2.58,25.66,1
44.23,27.7,22.18,57.36,2
44.59,76.37,78.05,12.88,3
35.94,35.79,20.12,31.0,1
31.08,82.24,8.01,44.16,2
24.29,99.75,47.45,33.41,0
39.41,12.7,1.0,55.74,2
35.54,90.76,8.48,22.68,3
19.88,66.04,80.76,27.82,0
42.33,97.6,77.15,5.31,3
39.68,51.85,91.51,36.54,0
43.49,86.26,85.45,17.29,3
36.77,15.62,68.32,9.62,0
33.4,40.18,5.23,32.67,1
27.55,16.03,78.28,31.94,0
42.98,97.78,84.55,4.55,3
40.98,83.53,79.91,41.89,3
16.36,86.73,50.85,37.43,0
15.79,94.42,23.29,11.34,1
26.29,17.66,84.53,28.17,0
39.32,44.7,72.72,43.22,4
44.62,16.39,98.08,31.77,0
19.51,28.97,15.57,23.73,1
32.82,30.64,22.57,19.34,1
26.43,52.22,21.18,36.62,1
44.1,34.17,79.25,56.35,4
40.26,19.09,18.69,40.3,2
40.15,25.07,6.67,4.48,3
29.06,23.25,99.86,27.64,0
27.44,97.58,2.48,53.45,2
23.2,78.34,83.52,5.67,3
16.69,97.1,36.54,59.33,4
40.94,49.58,84.16,56.94,4
39.39,35.05,55.46,4.7,0
44.99,81.85,90.16,56.0,4
44.9,39.36,92.62,21.79,0
31.66,36.94,0.91,50.68,4
38.07,30.93,7.54,25.1,2
43.34,21.67,25.04,26.45,2
40.49,33.08,66.93,38.05,0
22.42,41.98,88.83,46.47,4
28.52,70.66,45.99,2.03,0
18.87,15.63,60.7,35.59,0
43.62,28.95,18.85,11.2,2
33.19,82.81,80.5,20.76,3
21.86,23.22,96.73,20.88,0
35.15,40.84,26.86,28.14,1
33.54,87.82,49.48,20.05,3
25.74,23.94,8.61,6.44,1
18.41,17.45,55.91,8.74,0
35.15,53.61,50.28,2.01,0
30.61,37.22,14.44,28.21,1
38.17,60.71,44.21,57.27,4
30.6,82.34,33.41,6.94,3
40.57,22.34,52.18,56.78,4
31.56,62.26,58.57,44.0,4
31.83,55.5,0.85,38.25,1
41.3,22.97,76.1,38.72,0
27.1,66.16,71.3,49.6,4
19.02,34.63,36.63,6.42,0
15.86,53.91,5.29,30.29,1
37.65,17.4,75.49,41.83,0
33.61,51.36,95.52,35.21,0
36.12,37.58,24.02,49.97,4
21.39,84.01,32.35,4.34,1
19.09,15.13,18.38,41.44,1
15.44,47.67,57.69,32.04,0
25.52,51.26,15.48,22.75,1
32.7,75.25,35.62,20.42,3
26.77,61.69,69.7,37.25,0
28.12,70.05,56.01,53.46,4
42.12,79.93,38.65,29.77,3
25.45,87.6,42.02,49.48,4
30.42,38.25,56.21,24.13,0
38.51,58.42,0.59,6.14,2
26.9,85.61,7.85,3.69,1
33.66,99.05,88.13,3.08,3
40.87,90.06,7.79,22.81,2
43.49,43.43,70.68,20.23,0
19.41,27.56,92.0,43.08,3
42.8,54.05,27.07,44.57,2
29.76,76.75,37.05,3.05,3
22.75,54.33,56.89,13.27,0
28.77,53.49,88.17,16.46,0
44.4,85.44,94.19,32.86,3
29.78,42.53,73.96,8.67,0
24.86,87.38,8.66,8.04,1
34.0,46.61,66.92,56.63,4
22.2,39.54,41.03,48.25,4
17.28,50.86,47.07,10.84,0
18.87,78.62,4.91,24.39,1
18.84,21.34,19.11,21.34,1
19.56,27.68,79.05,47.46,4
19.16,95.63,45.4,30.61,0
34.23,25.79,30.17,7.67,1
20.46,61.1,38.4,44.34,4
25.37,62.14,85.44,23.81,0
41.9,54.07,74.9,15.78,0
29.22,68.03,27.23,22.53,0
35.03,30.68,11.75,29.87,1
20.17,59.74,25.2,20.59,1
20.77,43.5,92.08,14.51,0
16.23,69.55,58.16,23.91,0
20.07,22.71,53.35,1.15,0
23.36,61.38,59.64,46.35,4
20.31,26.67,36.6,10.26,0
17.66,35.08,80.71,2.63,0
18.62,29.68,52.33,39.22,0
28.82,26.46,11.67,46.44,4
21.19,84.31,12.91,48.83,4
25.93,35.71,53.69,29.61,0
30.1,93.44,93.66,12.32,3
35.71,97.29,30.84,44.23,4
16.18,61.41,86.95,41.98,0
38.98,22.87,76.41,14.78,2
33.84,43.71,24.78,54.2,4
17.45,81.8,3.63,6.26,1
41.21,43.07,10.18,58.96,2
42.63,17.83,72.85,51.61,4
16.83,60.11,19.97,41.27,1
23.31,86.06,37.13,56.32,4
39.19,81.63,50.17,43.34,4
37.45,25.76,72.55,11.43,0
20.54,70.55,11.32,26.53,1
21.28,29.85,40.64,4.29,0
26.11,29.64,48.51,23.38,0
29.54,88.67,54.08,44.5,4
33.55,32.47,81.84,23.19,0
26.07,33.69,17.17,19.82,1
28.88,10.06,80.78,35.72,0
37.42,88.36,69.29,52.33,4
16.1,81.33,55.59,2.85,0
22.57,66.46,69.95,23.13,0
36.4,77.52,41.2,9.49,3
41.86,23.68,13.84,41.72,0
30.35,51.25,66.58,6.34,0
30.96,41.61,52.47,39.89,0
18.22,18.44,63.94,17.17,0
28.42,53.75,33.8,11.94,1
30.98,92.87,90.69,56.18,4
22.27,13.61,58.74,1.11,0
23.08,36.23,8.54,26.27,1
26.32,28.68,44.98,1.3,0
15.6,31.43,75.64,29.02,0
24.66,91.76,79.41,30.06,0
21.34,52.13,49.46,19.3,0
24.82,51.97,89.47,7.93,0
18.59,78.45,26.77,22.58,1
41.72,23.9,41.06,40.34,0
32.81,53.85,89.86,46.94,4
35.37,48.7,89.63,31.85,0
38.68,63.72,68.57,35.39,0
29.95,99.96,85.9,12.04,3
17.61,79.25,8.88,17.24,1
31.11,45.81,86.5,9.71,0
32.61,84.48,32.06,14.96,3
37.36,25.36,17.83,13.49,1
27.95,12.74,23.94,31.17,1
18.83,28.4,41.8,33.76,0
23.51,40.64,25.12,56.7,4
25.89,55.95,32.06,11.73,2
34.38,65.36,13.5,38.5,1
32.12,91.95,29.62,49.04,4
25.68,55.89,57.23,33.61,0
44.6,55.11,44.19,15.3,0
33.17,14.52,34.67,15.75,1
22.12,13.14,74.65,2.36,0
18.05,59.6,89.35,18.33,0
19.59,49.44,75.68,44.68,4
22.38,85.53,33.2,2.85,1
19.82,24.46,74.44,13.16,0
20.6,12.25,15.2,42.37,4
23.55,50.41,13.03,46.96,4
20.2,31.37,34.56,27.32,1
41.9,14.47,80.77,41.88,0
17.41,75.21,24.63,23.28,1
30.74,20.04,6.33,9.59,1
27.31,64.75,13.17,23.89,1
44.47,35.29,85.87,34.8,0
18.36,25.61,63.38,56.88,4
26.94,44.18,25.32,4.13,1
44.08,82.13,55.53,30.44,3
40.97,45.29,52.76,19.74,0
39.51,77.57,65.54,30.5,3
22.74,21.29,23.32,1.44,1
20.13,79.55,86.44,18.78,0
35.06,31.32,30.94,49.19,4
42.88,70.97,69.41,33.24,0
31.7,60.92,1.61,27.03,1
32.15,93.62,37.27,17.13,3
23.4,44.86,35.17,17.88,0
38.08,15.95,54.35,22.99,0
20.61,11.72,7.27,50.13,4
24.71,84.42,79.01,58.03,4
27.76,57.23,21.78,26.32,1
30.23,79.77,67.7,23.6,3
22.27,31.1,80.32,50.79,4
18.45,41.06,56.19,25.61,0
33.32,12.71,74.09,33.12,0
23.66,96.53,66.19,13.86,0
32.44,70.11,35.55,44.61,4
19.63,93.99,80.89,31.92,0
29.43,33.89,29.47,48.54,4
30.98,65.03,57.12,46.84,4
16.55,71.06,74.54,12.9,0
25.1,38.58,37.9,42.94,4
19.03,86.33,30.28,48.0,4
16.9,95.24,45.93,20.77,0
44.7,89.64,81.8,10.36,3
24.67,76.52,92.99,0.16,0
39.3,34.97,54.51,27.05,0
22.64,35.35,66.15,21.15,0
35.45,96.7,90.33,33.29,3
37.81,10.93,9.85,11.28,1
32.87,74.44,23.21,51.58,4
29.15,73.56,70.89,15.47,0
27.36,66.04,82.37,13.59,0
25.47,99.11,85.7,28.84,0
42.89,38.07,41.51,29.93,0
39.92,40.6,8.93,12.91,2
43.95,17.1,43.78,16.31,0
18.73,49.85,23.07,10.18,1
36.93,33.49,29.12,43.11,4
43.15,40.9,77.23,46.21,4
20.44,85.11,7.55,27.74,1
16.99,94.19,82.76,42.85,4
37.23,26.72,42.77,44.16,4
32.23,43.53,59.61,8.3,0
40.25,93.58,8.97,57.97,2
19.19,15.56,33.74,49.26,4
38.86,18.31,8.97,12.27,2
21.05,24.65,96.15,11.17,0
19.91,63.57,80.73,7.54,0
19.93,23.54,45.96,8.3,0
39.44,97.13,22.36,44.89,2
34.96,50.2,93.35,28.18,0
30.69,55.14,34.46,46.98,4
25.76,32.2,16.1,44.78,4
41.32,52.39,56.32,36.28,0
26.77,69.57,94.38,41.18,0
39.5,77.61,0.38,1.1,2
28.17,77.85,23.81,18.71,3
26.31,62.01,93.84,38.27,0
28.88,91.39,17.11,0.56,3
24.04,83.57,11.32,1.98,1
37.43,78.13,57.02,51.11,4
30.08,15.0,86.18,41.04,0
21.97,10.62,47.71,15.92,0
41.99,29.12,99.46,41.28,0
26.52,69.72,67.92,47.55,4
31.31,47.01,7.41,18.41,1
42.19,46.22,99.28,2.16,0
33.73,89.61,40.79,55.97,4
18.51,90.6,28.74,20.71,0
43.19,91.83,55.79,6.39,3
33.83,38.25,30.43,29.51,1
25.05,72.2,8.65,46.11,4
19.18,34.45,0.14,13.3,1
38.82,27.15,44.96,16.17,0
33.6,26.62,83.69,14.56,0
31.0,40.79,57.23,59.5,4
41.82,48.7,99.92,11.84,0
38.66,84.79,28.68,34.53,2
19.55,20.79,28.05,55.52,4
24.35,76.14,15.97,8.81,1
22.45,57.83,16.41,58.25,4
37.32,35.92,28.52,56.85,4
16.01,54.35,79.28,53.07,4
32.1,36.99,90.58,12.87,0
37.87,63.65,97.51,38.04,0
41.3,49.05,23.23,45.65,2
25.26,24.8,88.13,59.16,4
39.64,20.49,32.83,10.83,1
18.32,59.2,11.28,45.96,4
40.39,91.22,87.0,20.33,3
18.82,40.96,63.61,10.54,0
26.92,75.97,16.47,25.28,1
38.92,69.28,42.98,47.63,4
19.5,93.84,28.73,27.89,1
21.88,83.89,73.68,32.25,0
36.67,60.99,45.34,59.71,4
36.6,69.13,98.93,23.95,0
34.23,90.85,5.47,36.92,3
35.82,45.96,35.5,21.91,0
31.28,39.41,48.19,23.57,0
22.55,10.97,50.31,41.74,0
25.37,84.39,31.59,56.27,4
20.45,82.09,72.92,32.54,0
42.25,19.4,87.47,46.1,4
32.5,61.92,93.87,5.35,0
27.03,51.76,80.51,12.67,0
28.86,20.68,85.06,30.13,0
43.42,98.25,55.05,1.2,3
19.6,29.32,82.59,15.17,0
32.59,16.05,30.35,31.04,1
30.18,63.54,39.85,0.9,0
33.34,76.5,31.69,15.87,3
15.54,12.92,46.74,30.84,0
41.16,69.28,28.56,34.39,2
42.96,57.91,96.16,55.55,4
31.95,19.29,31.28,38.72,1
35.9,25.53,9.8,24.88,1
42.67,61.12,52.68,55.82,4
36.22,36.67,5.71,47.09,4
19.58,94.45,11.05,12.0,1
32.29,83.69,21.94,7.85,3
33.2,98.52,46.44,40.55,3
27.72,33.37,43.33,33.59,0
37.09,97.28,79.97,47.38,4
43.03,48.81,73.95,44.33,4
42.77,41.28,42.63,37.51,0
28.53,14.53,33.37,59.18,4
18.4,14.75,31.65,32.02,1
44.55,72.28,77.4,6.79,0
40.17,51.21,5.21,49.7,2
18.74,30.39,1.28,15.11,1
42.63,65.26,79.55,46.64,4
41.1,32.76,47.71,57.43,0
30.57,61.99,13.09,41.81,1
32.74,42.33,23.56,35.76,1
26.97,84.12,93.25,27.62,0
16.64,83.86,85.95,21.86,0
25.06,52.96,70.98,21.18,0
39.09,41.57,48.22,38.18,0
15.14,42.63,52.03,45.08,4
25.0,82.51,97.52,40.71,0
26.95,39.54,96.58,11.9,0
31.12,28.82,21.53,29.64,1
42.6,17.62,81.11,47.5,4
25.39,52.0,19.72,28.54,1
25.41,53.39,21.35,32.2,4
37.13,85.68,67.61,46.27,4
28.57,29.91,40.5,39.68,0
21.74,44.29,93.15,24.56,0
28.57,82.76,8.9,53.72,4
19.23,84.13,51.15,9.75,0
20.29,44.61,91.85,59.73,4
29.95,51.32,90.41,7.13,0
27.57,37.3,15.65,0.9,1
42.45,93.93,36.66,53.4,4
25.87,20.68,61.91,14.7,0
32.42,94.04,15.94,43.78,4
33.97,71.55,96.8,48.66,4
15.39,57.84,91.47,51.54,4
34.91,12.94,16.7,59.5,4
20.34,52.8,12.12,17.64,1
43.83,46.7,8.54,42.61,2
19.46,24.51,90.94,6.92,0
27.44,69.08,19.36,24.41,1
17.56,97.4,41.63,50.88,4
44.91,60.6,44.89,22.06,0
30.07,74.33,59.9,35.47,0
32.86,16.16,7.17,30.23,1
17.01,47.59,22.68,38.76,1
37.5,20.47,93.15,58.37,4
21.3,65.15,90.84,3.34,0
41.94,94.46,78.13,34.44,3
21.15,69.56,1.94,51.78,4
20.72,16.91,32.7,28.88,1
16.1,41.92,62.8,4.71,0
29.16,59.56,27.52,33.63,1
31.95,46.29,90.96,19.92,0
16.97,85.03,63.39,9.3,0
38.27,83.32,7.19,50.94,2
28.6,65.06,90.9,31.3,0
30.73,43.61,95.78,56.0,4
28.22,32.98,7.77,48.36,4
27.02,19.53,53.24,41.58,0
31.79,41.94,30.34,0.3,1
19.66,47.19,39.28,25.67,0
20.46,70.82,17.97,11.85,1
40.85,69.23,57.81,54.65,4
43.38,16.31,95.8,10.48,0
26.2,45.57,50.31,17.16,0
23.12,26.36,8.29,31.01,1
34.32,24.11,62.0,15.8,0
27.26,84.46,34.02,12.59,1
15.76,13.77,85.59,35.95,0
19.68,47.73,43.47,5.34,0
36.48,25.14,19.28,3.49,1
34.77,89.14,19.11,22.33,3
15.81,60.13,76.88,43.24,4
21.66,30.82,26.56,33.29,1
21.93,55.22,76.72,25.37,0
35.16,75.83,20.59,33.95,3
15.59,96.23,32.17,21.93,1
18.12,29.84,46.55,56.17,4
39.0,89.76,94.32,3.29,3
20.36,94.09,93.17,40.4,0
34.58,92.48,20.69,53.48,4
22.15,67.19,35.82,48.23,4
17.98,66.68,14.94,11.04,1
22.3,46.29,51.0,17.76,0
36.67,77.72,46.06,43.02,4
40.67,57.82,90.08,5.06,0
39.91,70.97,93.0,48.71,4
26.92,48.56,38.36,43.13,4
35.04,75.83,49.17,43.78,4
21.15,84.2,89.62,6.01,0
23.79,23.18,80.67,43.07,4
41.89,84.96,0.37,40.79,2
15.39,58.63,32.01,49.86,4
17.57,86.02,42.18,2.5,0
21.24,48.82,22.97,1.39,1
15.8,44.11,19.96,22.38,1
20.44,92.36,3.78,8.93,1
32.49,32.61,64.34,33.5,0
27.64,85.98,26.25,55.04,4
41.78,53.56,5.23,23.49,2
39.52,56.27,23.1,50.7,2
25.25,37.76,80.19,0.01,0
22.78,61.57,85.15,10.11,0
26.39,39.27,48.31,1.83,0
32.71,13.53,41.61,19.69,0
23.04,34.48,97.79,54.49,4
33.72,10.57,20.06,5.82,1
27.28,98.05,21.54,36.38,1
31.56,96.92,29.19,27.09,3
28.08,45.56,17.28,56.31,4
23.83,75.55,37.94,7.35,0
43.45,41.12,91.08,12.72,0
37.91,70.4,61.53,1.77,0
19.2,82.49,41.19,26.04,0
41.05,95.21,93.44,16.67,3
29.62,46.02,4.85,52.19,4
41.84,80.5,21.03,36.3,2
39.0,33.93,56.59,36.85,0
27.76,99.13,61.56,31.91,0
15.67,12.32,3.96,5.51,1
23.06,64.32,40.3,26.7,0
31.25,69.36,64.92,59.97,4
34.0,71.92,69.81,50.11,4
22.74,20.83,63.81,53.61,4
19.18,94.47,32.06,49.39,4
40.05,26.31,9.35,6.18,2
44.53,66.05,42.71,13.65,0
30.77,30.04,12.88,0.19,1
20.15,37.65,94.76,18.21,0
23.17,59.18,47.52,6.52,0
15.55,47.55,31.73,28.37,1
42.43,24.42,76.63,40.63,0
18.53,25.38,49.79,52.47,4
32.3,47.63,31.0,44.95,4
23.22,78.16,81.2,56.32,4
31.63,90.82,86.72,3.23,3
34.54,17.57,67.3,0.73,1
39.89,45.38,4.7,39.68,2
21.19,19.02,56.63,17.36,0
15.33,11.49,76.33,15.21,0
19.11,69.55,13.65,19.85,1
42.0,64.22,22.87,16.19,2
41.22,24.67,88.25,30.69,0
32.92,31.04,2.01,26.41,1
33.02,12.13,75.27,30.75,0
34.95,85.15,47.38,40.36,3
20.26,97.72,44.68,23.23,0
42.43,22.19,0.71,15.08,2
27.56,30.83,81.94,9.97,0
26.49,88.16,35.98,20.97,0
30.57,93.38,54.08,44.51,4
16.41,47.77,67.73,45.4,4
19.99,14.56,70.26,40.01,0
37.14,13.55,95.6,14.04,0
17.48,61.66,53.13,35.29,1
33.09,45.36,39.97,34.24,3
22.36,12.58,95.37,29.06,0
26.68,62.49,64.21,33.0,0
23.66,11.02,29.82,29.51,1
25.67,80.86,12.65,33.93,1
36.57,37.58,84.26,42.93,4
23.91,13.62,36.22,6.58,0
31.99,62.95,66.05,44.98,4
29.28,45.79,47.08,8.15,0
34.91,97.64,19.89,4.0,3
43.1,58.98,60.17,58.56,4
36.98,34.77,6.07,57.42,4
21.45,73.85,41.33,3.63,0
15.94,34.43,54.66,26.6,0
22.87,91.38,43.6,11.17,0
32.85,43.72,74.87,29.12,0
16.54,59.49,82.79,49.81,0
29.89,14.55,77.12,57.04,4
32.91,48.35,3.88,38.06,1
25.03,84.91,19.41,21.23,1
38.13,82.51,53.66,36.2,3
18.2,30.19,93.48,18.72,0
17.25,30.35,83.5,54.59,4
36.85,83.56,84.25,52.22,4
29.86,93.74,30.32,33.49,3
35.65,18.58,42.94,19.49,0
28.04,50.51,47.07,17.6,1
22.39,40.37,15.74,2.01,1
39.57,88.36,3.11,48.95,3
38.98,17.52,94.69,27.02,0
35.84,29.0,24.07,19.51,1
23.16,77.72,23.99,28.27,1
32.71,14.62,8.34,49.12,4
25.83,54.33,92.85,7.48,0
17.75,49.79,57.97,51.46,4
42.52,40.1,66.7,53.85,4
19.1,45.51,91.16,56.8,4
43.51,57.69,34.56,23.85,1
28.38,24.52,62.15,13.03,1
20.55,61.48,3.88,22.42,1
31.26,82.49,18.68,19.97,2
41.19,78.41,83.12,10.57,3
36.97,23.85,76.68,36.44,0
39.2,23.43,35.06,28.6,4
34.76,34.14,37.68,51.94,4
35.77,42.5,53.36,1.93,0
40.48,46.76,0.02,38.63,2
22.49,71.17,24.12,45.78,4
29.68,15.1,20.82,45.57,4
21.64,13.12,25.05,53.16,4
44.63,45.27,80.59,43.74,4
43.32,72.74,27.97,55.67,2
16.18,27.41,19.15,19.96,1
36.17,67.74,50.43,30.19,0
42.76,33.38,86.56,0.84,0
20.42,89.75,24.13,0.42,1
32.04,90.61,7.85,14.41,3
42.46,36.76,35.64,6.05,0
16.02,30.7,74.77,15.61,0
35.92,47.02,55.07,10.62,0
23.92,31.65,81.68,1.71,0
42.73,70.51,95.96,54.56,4
44.13,84.35,79.27,0.49,3
43.33,70.58,60.38,44.16,4
29.23,84.19,49.33,9.13,0
40.86,45.73,4.01,54.73,4
40.34,24.07,98.43,53.57,4
24.57,76.42,38.35,39.23,0
39.87,42.44,15.22,40.33,2
16.11,70.41,66.67,0.32,0
32.89,34.36,28.43,59.09,4
21.9,17.31,58.58,52.67,4
18.62,99.33,58.68,53.71,4
17.31,24.06,44.57,39.55,4
35.89,98.96,83.61,20.69,3
25.2,97.96,26.5,53.62,4
36.74,81.44,44.86,17.49,3
16.96,69.35,53.77,33.76,0
24.46,62.0,66.36,5.98,0
31.18,87.95,78.4,55.32,4
38.72,36.05,39.48,8.45,0
24.56,52.09,64.6,13.49,0
33.78,65.75,15.06,33.49,1
41.58,47.01,93.26,45.85,4
33.48,48.47,38.31,37.16,0
21.99,39.73,72.95,13.93,0
15.73,60.78,2.03,0.06,1
41.1,86.55,20.52,45.43,2
15.64,28.14,48.71,59.11,4
41.24,94.1,87.83,48.59,4
30.87,72.02,52.73,27.61,0
43.17,84.09,92.99,54.23,4
38.96,60.06,48.38,24.59,0
44.94,80.16,49.04,31.5,2
25.52,11.46,11.97,28.63,1
38.02,83.65,80.27,26.86,3
27.06,13.61,24.7,46.51,2
29.4,90.09,89.96,31.61,3
33.83,99.28,91.08,19.0,3
41.21,36.47,94.33,15.49,0
44.52,28.93,52.02,2.26,0
38.05,78.88,67.71,34.99,3
27.53,32.77,77.85,13.8,0
27.64,87.9,13.1,8.89,1
37.13,19.26,60.1,39.23,0
22.16,21.34,3.43,40.87,1
18.31,98.12,49.76,45.13,4
25.64,70.65,15.48,30.21,1
23.62,86.22,18.29,53.64,4
23.89,39.19,36.5,56.18,4
22.01,70.88,43.24,48.44,4
16.26,63.48,62.32,38.14,0
15.54,64.28,7.44,18.22,1
44.63,71.43,50.37,58.98,4
27.83,61.78,18.26,16.45,1
26.53,48.62,57.4,12.16,0
35.39,34.83,63.74,26.53,0
21.55,79.17,55.67,3.41,0
43.5,30.36,73.83,58.71,4
38.59,72.31,33.56,35.31,1
17.68,31.0,76.51,33.42,0
27.53,66.28,43.28,39.35,0
41.37,77.24,48.42,29.82,3
43.34,29.68,64.81,1.92,0
29.02,15.39,1.84,36.74,2
33.4,21.79,65.4,42.97,4
20.01,64.54,61.86,25.0,0
44.74,86.45,30.98,45.44,4
21.95,14.05,8.58,13.62,1
43.28,76.07,9.09,13.28,2
34.49,40.72,92.32,9.69,0
33.23,53.07,68.93,22.32,0
30.38,93.6,12.71,50.82,4
21.92,39.88,35.67,49.67,4
20.3,51.88,59.25,22.97,0
21.61,11.23,83.56,35.35,0
20.59,17.34,4.37,43.25,4
38.39,33.27,23.66,14.47,2
25.5,12.51,88.97,10.09,0
16.74,66.82,0.92,58.33,4
44.07,48.38,20.14,37.05,2
41.51,59.33,95.9,58.88,4
42.83,25.72,61.34,20.27,0
44.85,36.63,26.17,42.18,2
20.22,69.74,6.7,13.36,1
26.89,96.88,2.82,15.67,1
37.75,14.54,24.47,30.71,1
35.88,90.13,88.15,19.18,3
19.62,61.92,41.59,10.06,0
39.47,60.75,72.03,15.77,0
21.73,55.03,91.83,2.14,0
21.71,16.25,40.8,42.27,4
31.11,18.09,19.13,29.53,1
32.79,64.08,51.71,5.65,0
32.4,40.69,90.81,10.3,0
17.74,92.55,80.44,6.15,0
41.32,46.59,6.58,36.76,2
22.97,22.9,69.26,5.65,0
18.89,74.32,57.19,45.26,4
41.66,36.4,90.75,1.23,0
43.67,57.29,12.25,14.96,3
40.86,72.8,53.4,53.44,4
39.29,91.02,87.95,43.11,4
34.66,81.3,41.0,4.38,3
31.53,70.87,48.2,49.27,1
17.61,71.17,7.05,29.58,1
27.25,95.13,27.81,50.81,4
26.18,36.62,32.45,36.04,1
22.79,10.1,94.51,40.91,0
36.7,34.48,28.27,59.61,4
29.88,29.61,46.09,13.94,0
17.43,69.57,67.13,37.44,0
21.61,67.03,16.22,27.62,1
35.5,63.41,48.64,2.37,0
17.28,11.46,73.85,0.87,0
40.54,75.59,86.69,7.15,3
29.85,39.12,62.63,38.95,0
29.42,69.86,66.91,34.03,0
32.77,60.09,12.63,33.21,1
39.74,40.85,94.58,1.91,0
25.43,22.11,13.26,28.16,1
35.34,18.5,77.47,55.48,4
31.97,84.84,26.48,23.86,3
23.01,92.66,93.36,37.5,0
41.36,68.48,72.0,46.79,4
38.92,19.31,75.38,47.04,4
34.75,46.18,21.91,31.16,1
40.52,75.6,44.3,51.48,4
41.02,80.18,61.78,23.48,3
36.25,20.64,77.0,53.32,4
40.11,10.0,10.4,14.41,2
35.92,74.09,96.24,16.81,0
35.4,42.09,89.02,3.19,0
33.56,32.9,27.03,47.73,4
37.58,11.16,82.28,25.02,0
19.76,58.63,51.83,13.75,0
41.43,86.6,46.18,13.91,3
41.16,96.19,31.44,54.08,4
15.88,60.92,58.1,50.03,4
39.77,56.3,72.99,33.21,0
18.87,17.66,41.09,36.97,0
25.05,59.4,62.92,28.46,0
37.31,44.2,69.93,23.5,0
19.82,64.64,71.11,54.93,4
39.54,44.99,5.2,7.54,2
39.96,31.63,85.97,25.11,0
30.22,18.55,45.83,20.67,0
15.19,38.34,26.24,29.89,1
23.61,18.7,24.18,27.46,1
33.51,25.92,48.3,31.13,0
44.44,98.86,88.68,8.4,3
33.95,49.97,37.83,30.79,0
22.79,57.87,74.97,14.55,0
34.02,88.63,9.68,11.06,3
31.2,99.6,47.61,3.89,3
38.4,62.44,99.17,45.76,4
18.21,83.12,77.04,25.65,0
37.83,39.42,21.05,37.6,1
31.24,37.52,50.14,43.66,4
43.89,46.24,23.36,40.76,2
25.26,70.53,40.96,28.23,0
33.98,71.4,78.01,23.27,0
42.96,38.37,77.12,22.56,0
18.08,21.99,22.81,38.4,1
43.12,66.92,92.22,29.69,0
35.64,21.55,59.26,50.95,4
17.04,62.06,37.99,52.48,4
24.03,72.41,50.19,10.23,0
36.25,73.06,60.51,8.17,0
17.02,77.81,55.99,37.82,0
32.47,88.56,48.64,18.07,3
25.38,55.0,50.49,1.11,0
33.63,75.72,17.64,53.32,4
16.37,65.73,81.27,13.61,0
41.15,26.8,54.18,55.76,4
44.2,12.31,13.11,43.05,2
44.07,35.61,76.62,45.76,4
37.49,49.87,93.24,12.09,0
18.9,65.54,94.73,14.05,0
37.75,86.5,36.9,31.28,0
15.74,27.66,13.55,10.33,1
15.66,21.3,51.84,18.33,0
24.71,96.71,11.26,19.29,1
29.66,19.72,93.4,9.58,0
38.11,53.06,18.36,12.31,2
35.5,62.7,25.28,47.31,4
28.38,58.72,40.66,10.03,0
23.21,17.74,38.32,1.71,0
44.91,15.13,79.47,37.76,0
27.79,19.49,45.63,58.56,4
28.54,62.7,17.08,19.87,1
19.91,58.99,26.72,7.12,1
38.84,31.04,50.91,34.22,0
35.81,67.4,14.75,54.38,2
21.62,83.81,61.17,47.04,4
17.47,13.74,56.57,37.35,0
35.41,54.83,71.47,18.9,0
34.64,72.04,93.77,32.51,0
23.2,32.71,91.23,5.47,0
43.53,37.7,94.61,40.74,0
19.53,65.23,24.47,43.51,4
27.97,90.81,13.16,57.9,4
43.31,82.89,30.23,15.62,3
27.59,62.48,89.51,1.11,0
34.16,75.72,97.21,32.74,3
26.93,42.83,85.93,42.41,4
23.23,67.69,11.0,47.42,4
44.52,51.96,94.74,11.62,0
27.28,27.09,42.34,15.71,0
41.82,73.16,0.93,30.76,2
21.9,60.08,44.24,19.84,0
21.39,42.28,4.61,51.63,4
15.93,92.02,54.39,28.43,1
34.55,11.88,33.86,47.97,4
26.06,38.42,47.34,34.84,0
40.93,15.12,61.32,46.39,4
29.2,78.99,86.88,19.96,3
44.05,73.19,66.19,49.88,4
20.57,39.82,43.4,16.47,0
41.06,70.81,81.94,32.77,0
38.3,45.63,90.56,12.84,0
38.13,78.06,11.98,28.53,2
40.34,50.88,53.19,19.09,0
37.83,47.11,28.45,16.0,1
33.79,94.13,4.71,58.02,4
18.94,32.58,66.85,9.6,0
15.98,20.84,86.28,47.24,4
42.63,62.61,16.29,59.05,2
33.5,97.24,81.24,1.19,3
38.9,44.01,85.34,41.94,0
29.45,15.58,91.43,15.17,0
18.52,40.54,26.53,2.43,1
18.76,55.53,90.4,24.17,0
35.57,24.57,32.07,56.11,4
27.91,69.23,55.23,0.71,0
21.02,99.8,5.05,35.27,1
29.75,50.66,4.39,30.08,1
16.93,41.93,72.04,52.4,2
32.46,46.06,44.45,5.04,0
23.07,20.36,25.63,40.89,1
38.93,89.49,19.04,40.81,2
24.31,47.33,67.0,40.14,0
28.66,44.85,0.04,56.54,4
15.35,69.37,80.59,49.39,4
17.17,49.78,7.92,2.52,1
26.77,68.34,19.15,28.26,2
29.4,15.53,38.62,23.88,0
33.0,83.24,48.49,18.61,3
23.75,94.65,35.5,27.08,0
35.85,68.39,32.07,23.05,1
40.8,95.91,96.39,25.94,3
38.4,23.63,64.16,58.76,4
16.19,52.97,2.34,5.32,1
29.42,64.16,43.02,55.33,4
18.15,62.36,87.5,28.81,0
22.26,46.13,30.15,37.42,1
44.6,40.43,9.46,49.81,2
19.27,21.41,75.84,21.63,0
29.97,45.26,60.6,25.83,0
33.54,24.64,57.03,24.57,0
36.07,76.09,5.36,22.48,3
31.79,28.79,14.05,55.53,4
15.29,15.27,62.25,49.74,4
24.79,59.71,20.78,6.54,1
30.53,63.57,50.41,6.49,0
17.64,88.47,54.49,25.67,0
25.52,61.93,28.35,5.92,1
16.0,41.09,94.84,37.15,0
17.36,82.27,84.25,8.62,0
26.91,58.63,72.24,31.34,0
18.98,17.14,7.8,0.43,1
32.03,60.93,10.61,19.0,1
35.68,91.72,49.28,40.63,0
39.02,45.67,16.07,29.04,2
21.0,36.67,97.83,58.7,4
20.02,22.91,15.85,52.45,4
18.14,23.63,48.75,21.54,0
34.09,48.95,36.41,2.73,0
36.19,63.61,63.94,50.74,4
15.95,17.26,12.9,54.67,4
43.09,94.56,43.03,49.24,4
16.56,77.96,27.47,7.68,1
31.24,62.8,88.78,59.87,4
36.27,84.56,4.06,15.52,3
41.13,17.22,91.37,43.45,4
36.42,52.92,83.3,54.48,4
39.05,66.71,29.76,14.14,2
25.18,84.58,78.93,54.5,4
39.44,80.51,3.12,18.57,2
17.4,34.94,96.69,58.58,4
41.84,94.68,52.66,16.88,3
31.43,21.19,30.33,57.21,4
39.52,88.76,36.26,3.21,3
28.57,97.38,6.64,42.56,4
34.31,25.94,98.93,31.93,0
30.79,74.99,3.93,28.67,1
36.95,13.63,65.49,13.41,0
17.45,46.49,44.27,42.34,4
16.81,56.47,94.89,11.45,0
22.41,62.26,24.6,33.17,1
19.79,94.23,53.21,15.19,0
41.15,70.5,48.24,57.34,4
21.58,53.32,70.29,1.72,0
44.28,82.87,6.8,11.98,2
25.11,95.55,19.38,14.54,1
20.46,11.99,21.46,24.84,1
38.69,98.43,73.82,13.96,3
34.76,17.75,18.91,29.48,1
29.95,83.29,57.35,52.35,4
31.66,35.23,21.52,42.72,4
36.58,21.9,86.16,34.8,0
21.85,49.59,94.22,5.34,0
44.89,67.96,51.85,41.64,0
44.24,44.29,35.23,9.98,0
34.51,14.91,23.41,47.18,4
20.99,63.95,4.98,15.0,1
35.41,91.22,26.85,25.02,3
17.17,44.49,65.42,21.03,0
15.92,29.47,53.36,51.53,4
22.73,49.83,94.4,7.59,0
28.88,14.35,39.63,33.94,1
41.05,83.84,69.39,8.52,3
36.82,84.37,48.93,42.29,4
37.28,62.92,51.26,54.3,4
27.76,41.78,26.78,26.08,1
25.38,81.98,45.5,29.29,0
26.13,59.92,47.08,55.65,4
44.63,84.33,70.66,31.26,3
16.2,66.83,94.06,29.26,0
41.01,80.6,32.93,34.7,3
32.36,63.87,4.22,41.35,1
28.16,47.27,49.63,6.41,0
36.76,96.22,54.45,49.27,4
29.6,58.7,16.84,26.13,4
41.2,64.46,76.05,4.34,0
42.02,29.84,98.49,47.17,2
27.65,66.31,94.58,22.62,0
23.3,61.44,19.71,6.02,1
32.77,26.64,87.54,38.03,0
42.37,15.36,70.45,52.81,4
21.32,64.39,45.38,53.27,4
33.69,78.73,54.06,57.46,4
33.95,57.11,84.96,52.06,4
36.99,30.41,48.01,0.13,0
18.95,69.99,37.32,22.81,0
36.47,17.21,49.32,49.11,4
42.27,49.77,57.91,21.98,0
20.39,24.7,18.91,36.09,1
22.13,26.6,90.09,36.38,0
44.14,28.21,67.42,21.9,0
20.43,44.8,63.33,54.27,4
40.63,14.6,9.95,30.19,2
29.77,45.8,60.42,27.89,0
22.42,56.05,12.1,59.85,4
41.12,53.5,7.87,29.61,2
28.36,44.45,52.73,10.7,0
30.44,85.52,40.28,30.78,3
25.78,23.08,58.88,48.84,4
32.79,55.51,8.92,46.61,4
19.91,15.58,43.1,47.31,4
26.73,16.4,17.48,42.48,4
44.08,61.65,98.71,15.25,0
22.74,60.94,56.12,51.73,4
34.7,89.02,68.74,53.61,4
24.76,60.21,32.54,11.65,1
38.2,96.38,9.47,7.83,2
18.93,14.38,97.59,58.54,4
44.09,18.82,28.63,52.1,2
28.61,13.97,42.38,53.59,4
22.08,26.67,64.99,53.18,4
17.2,58.71,2.47,32.5,1
20.09,68.1,81.03,38.78,0
30.59,14.1,53.66,32.72,0
25.11,95.14,27.82,3.07,1
39.87,85.79,6.16,44.73,2
27.93,36.7,16.25,30.32,1
22.46,16.95,89.5,38.86,0
33.51,25.29,68.6,30.16,4
36.2,21.42,24.99,29.51,0
20.01,21.1,6.56,10.31,1
20.03,56.67,69.06,16.72,0
16.1,32.13,57.24,9.53,0
37.09,42.23,40.45,11.74,0
34.91,99.06,36.36,58.38,4
29.24,71.59,21.68,9.19,1
40.33,95.41,66.96,16.16,3
39.17,22.83,97.07,35.44,0
32.56,44.39,17.57,36.61,1
41.05,59.93,59.71,9.24,0
21.18,16.91,42.42,47.62,4
18.36,10.38,44.67,47.11,4
23.09,70.34,25.41,14.24,1
16.71,67.76,82.51,17.32,0
30.94,46.97,48.53,56.28,4
43.1,54.07,54.34,49.54,4
16.18,47.39,30.48,41.87,1
18.66,12.16,18.18,4.93,1
28.57,40.18,8.59,25.1,1
43.02,25.94,71.41,33.56,0
24.48,18.86,19.62,11.24,1
30.22,96.1,69.01,26.89,3
16.25,63.94,39.04,36.06,0
19.45,75.58,41.58,19.64,0
44.6,38.38,46.92,46.86,4
43.95,45.38,36.77,50.43,4
15.15,31.32,10.06,19.42,1
43.55,18.73,30.96,50.32,4
34.17,26.11,66.37,6.21,0
41.04,81.78,66.58,50.26,4
28.64,70.98,28.62,9.17,1
30.47,59.22,46.01,4.98,0
29.67,52.76,19.34,38.51,1
35.01,93.02,21.04,28.32,3
19.19,16.55,2.3,54.47,4
15.9,35.25,89.67,21.79,0
24.24,41.49,21.07,17.23,1
36.14,80.42,22.75,30.04,3
21.06,99.33,27.96,27.36,1
35.2,31.66,12.74,20.67,1
44.1,88.69,63.93,41.62,3
17.82,84.76,7.51,45.57,4
35.18,30.22,13.42,51.18,4
28.31,45.94,64.48,58.37,4
41.04,46.87,33.97,16.0,1
20.31,98.04,70.79,42.97,4
35.78,26.28,55.74,23.66,0
40.14,81.92,25.6,40.62,2
43.34,40.08,65.08,28.56,0
35.5,75.78,11.63,59.63,4
29.92,47.8,53.64,43.73,4
33.54,62.05,43.71,57.15,4
41.07,84.94,26.79,50.1,2
32.12,82.37,60.4,54.17,4
15.91,87.98,87.13,48.87,4
42.93,15.37,99.89,27.55,0
35.69,72.28,60.78,15.11,0
35.3,22.6,40.47,22.22,0
21.47,47.42,22.52,1.21,1
34.77,59.37,25.71,31.44,1
26.82,46.25,47.95,30.3,0
34.54,56.77,36.73,31.52,0
18.2,99.69,91.38,58.44,4
34.74,22.17,36.83,54.69,4
44.98,70.79,37.34,9.7,0
16.45,45.64,38.35,22.13,0
44.32,21.97,83.66,25.44,0
27.21,24.29,65.08,21.63,0
41.12,95.43,61.42,47.91,4
38.47,89.16,33.41,31.44,3
32.01,91.63,81.79,34.33,3
37.15,99.24,3.84,51.18,4
41.36,28.75,87.08,48.36,4
27.12,41.99,51.27,7.93,0
24.81,70.23,39.83,42.83,4
35.03,53.54,49.72,26.13,3
39.24,47.66,66.74,17.68,0
37.87,42.2,1.28,3.0,1
38.93,63.44,87.16,29.23,0
28.07,61.8,44.67,21.33,0
39.54,24.53,34.3,15.09,1
18.61,52.46,13.82,41.68,2
31.33,59.81,43.95,46.17,4
15.17,61.33,49.63,14.69,0
24.74,28.91,40.36,2.97,0
25.99,76.8,67.87,50.93,4
26.89,12.27,42.09,0.6,0
35.86,41.93,96.14,56.23,4
26.66,80.22,59.93,37.66,0
28.46,60.75,80.75,19.31,0
22.13,33.5,10.94,14.79,1
26.2,72.55,39.73,0.54,0
21.82,61.07,33.68,14.13,1
17.2,81.66,56.95,8.26,0
33.1,76.15,86.11,36.73,3
35.05,64.91,7.83,9.99,1
33.58,53.94,7.26,31.72,1
28.9,21.99,85.03,35.41,0
26.39,33.52,21.29,17.88,1
40.9,47.72,66.88,2.1,0
30.57,63.94,54.29,2.24,0
29.38,56.23,83.29,1.58,0
15.77,35.94,12.51,44.35,4
25.24,10.58,12.98,19.08,1
26.41,54.66,55.68,47.78,4
26.96,35.71,94.64,25.9,0
32.41,76.11,41.5,27.18,3
31.01,12.16,32.69,30.77,1
33.24,62.63,60.67,42.78,4
37.95,94.73,93.04,16.41,3
39.39,25.7,83.69,7.3,0
36.54,52.45,99.55,33.36,0
43.67,18.23,2.26,19.62,2
15.55,66.31,11.29,26.55,1
20.87,59.55,60.95,38.82,3
15.23,46.66,82.06,29.65,0
34.42,56.92,28.52,37.22,1
41.94,90.69,23.92,32.65,2
22.3,27.67,78.7,44.39,4
42.81,12.03,5.64,42.36,2
16.81,87.55,36.94,32.05,0
43.03,61.94,50.58,40.73,0
25.55,90.16,56.03,52.41,4
18.04,63.73,72.86,25.94,0
29.58,82.91,35.48,24.77,3
22.7,48.67,61.27,45.85,4
23.55,77.49,58.54,34.95,0
24.22,92.17,54.76,4.26,0
39.09,61.49,64.05,53.53,4
31.17,26.27,25.94,1.85,1
24.34,34.19,8.46,44.9,4
33.31,27.88,11.93,45.53,4
36.48,32.22,22.46,57.19,4
23.18,37.58,50.02,3.25,0
27.41,59.96,84.04,35.81,0
18.66,62.92,70.13,25.67,0
20.43,48.38,78.9,19.84,0
35.43,65.39,35.1,5.42,0
20.44,17.34,40.47,33.76,0
30.75,17.9,39.37,28.74,0
36.27,25.46,19.19,6.27,1
18.21,56.63,6.12,36.75,1
32.02,29.26,59.09,44.28,4
22.7,35.5,98.92,46.04,4
43.89,46.03,16.68,54.32,2
29.51,83.07,4.67,24.57,3
39.18,11.25,77.95,57.18,4
31.51,68.44,25.26,51.93,4
16.3,70.2,82.96,17.79,0
33.99,81.88,70.39,9.56,3
43.54,93.95,94.57,26.12,3
33.05,11.81,40.89,24.11,0
39.58,23.84,66.2,34.54,0
41.53,89.76,46.49,35.0,3
21.84,51.27,63.06,45.0,4
21.36,60.81,44.96,30.59,0
33.33,69.67,18.86,6.29,1
27.33,71.12,50.79,51.5,4
40.2,93.86,52.86,18.59,3
42.0,99.73,81.06,58.28,4
25.6,74.81,73.55,7.07,0
22.11,35.85,66.38,57.5,4
38.42,89.18,11.34,5.46,2
23.24,14.43,72.06,13.86,0
39.68,30.8,50.03,2.79,0
27.71,90.76,89.41,42.31,4
35.03,33.06,91.99,51.02,4
17.87,29.86,5.52,26.04,1
33.72,22.43,82.06,55.71,4
28.55,87.32,3.77,35.42,3
32.6,55.01,36.72,37.8,0
20.04,70.74,54.23,50.73,2
37.11,31.52,14.81,17.81,1
40.88,78.22,74.63,21.26,3
21.5,78.4,0.84,54.36,4
17.87,38.13,16.86,54.06,4
15.71,46.96,58.08,58.59,4
34.26,28.87,71.44,54.11,4
33.21,97.89,91.66,7.64,3
31.4,68.1,70.55,49.42,4
21.96,94.11,67.18,24.59,0
26.73,37.3,39.43,59.45,4
32.83,80.37,0.13,28.34,3
29.9,78.93,12.02,33.23,3
44.63,72.25,53.46,31.79,0
19.09,96.91,67.51,19.3,3
35.85,45.42,41.74,4.5,0
27.13,21.76,73.07,53.74,4
27.85,70.45,52.19,48.16,4
36.53,75.64,7.42,8.37,3
35.77,61.76,19.2,46.61,4
44.74,28.61,84.0,37.55,0
18.85,55.4,72.49,24.55,0
18.12,38.1,89.48,15.24,0
36.73,48.47,11.76,51.58,4
32.35,68.07,99.02,42.01,4
23.22,77.07,20.94,32.86,1
17.38,30.9,1.18,36.57,1
17.57,46.48,99.74,5.46,0
41.83,34.22,28.11,28.44,2
20.76,27.88,66.8,11.62,0
24.7,80.5,17.67,12.5,1
21.8,91.83,58.02,39.68,0
25.65,43.32,90.4,54.68,4
17.08,77.62,32.02,24.23,2
30.57,90.73,67.03,12.46,3
17.03,86.15,18.79,38.92,1
39.01,26.45,62.48,52.27,4
22.01,96.07,33.65,44.9,4
31.2,43.9,21.12,52.13,4
41.4,40.53,31.32,32.19,1
34.53,15.62,17.88,45.11,4
30.99,53.76,90.19,8.4,0
24.73,19.81,39.72,20.9,0
24.99,32.37,24.53,23.37,1
35.08,38.52,44.84,30.68,0
44.82,82.79,32.05,55.74,4
34.86,88.79,74.44,52.46,4
31.73,37.22,97.12,8.07,2
36.92,87.28,43.8,10.37,3
28.96,87.15,86.1,21.46,3
16.8,78.82,56.59,17.44,0
31.87,23.2,15.72,36.89,1
43.73,72.13,69.06,54.17,4
20.26,95.05,51.34,57.74,4
35.7,71.43,65.06,39.22,0
21.03,39.85,88.97,50.29,4
31.07,55.05,44.04,31.51,1
17.9,68.12,90.12,12.5,0
28.51,55.95,75.07,31.48,0
37.68,20.8,48.86,33.3,0
25.43,38.09,60.32,44.55,4
34.95,82.22,32.56,13.19,3
38.86,87.53,98.36,22.1,3
42.82,22.36,66.74,21.84,0
22.04,95.71,4.38,57.57,4
26.98,39.59,32.66,26.64,1
19.57,69.61,62.33,45.31,4
44.77,77.66,5.63,45.05,2
42.81,83.08,2.39,15.93,2
31.2,95.12,45.0,34.31,3
40.26,38.16,33.27,53.66,4
30.63,87.27,43.83,28.51,3
33.71,21.85,26.27,56.71,4
17.67,73.45,16.47,12.87,1
37.66,76.78,68.91,4.45,3
18.83,71.0,51.46,53.49,4
39.78,32.71,20.02,50.86,2
38.46,88.57,31.96,59.56,4
36.26,25.2,59.18,40.76,0
16.08,14.83,7.22,56.2,4
24.09,74.57,14.75,49.62,4
22.89,52.79,7.32,50.67,3
25.8,86.42,81.23,34.15,0
17.63,44.51,75.24,22.94,0
43.11,25.15,75.33,56.07,4
31.61,85.28,71.63,25.93,3
24.17,59.4,66.94,32.33,0
26.91,27.03,47.7,26.77,0
28.42,74.83,64.23,33.89,0
33.02,56.0,3.84,28.23,1
30.47,64.39,62.15,2.88,0
42.58,51.48,77.79,52.92,4
29.91,84.58,50.04,26.66,3
44.76,84.66,35.75,35.34,3
40.54,73.84,27.74,8.35,2
21.26,19.49,64.28,0.2,0
42.92,85.5,69.28,14.72,3
18.49,70.39,87.1,42.28,4
39.52,72.73,34.23,5.95,1
26.42,42.67,76.98,54.53,4
41.34,89.14,56.14,12.9,2
41.04,75.28,88.28,12.28,3
39.18,20.13,52.78,10.89,0
38.7,46.7,51.76,0.84,0
24.14,89.77,57.79,46.31,4
17.43,14.25,74.93,52.5,4
27.09,96.53,96.47,36.85,0
20.21,71.12,7.36,11.29,1
35.85,66.82,5.34,17.12,1
25.38,34.35,93.76,28.56,0
44.27,32.39,52.99,57.26,4
34.23,94.79,61.49,14.84,3
39.67,36.84,48.24,43.9,4
18.98,79.8,9.37,26.37,1
40.86,45.38,76.81,17.87,0
42.68,22.53,74.72,27.35,0
29.61,10.96,31.17,4.27,1
33.19,58.98,30.62,47.92,4
37.94,97.82,83.78,14.6,3
20.25,43.22,7.24,43.52,4
30.08,42.15,88.11,4.1,2
26.96,40.97,25.67,57.31,4
19.39,56.85,59.3,11.58,0
26.03,49.66,93.6,52.96,4
17.05,89.19,67.81,48.57,4
15.77,55.5,41.44,58.07,4
19.05,55.7,68.95,28.67,0
43.89,22.45,34.4,43.64,4
31.49,98.45,27.73,22.24,3
43.97,32.5,99.67,11.06,0
27.97,16.6,75.08,26.58,0
24.35,69.68,64.47,9.94,0
30.18,63.58,35.53,58.92,4
28.19,47.36,4.92,5.77,1
18.17,48.0,3.11,35.35,1
34.22,80.66,55.42,37.59,3
21.48,27.61,76.2,32.28,0
33.59,83.82,53.74,39.73,3
34.51,68.39,84.08,6.97,0
19.56,47.71,3.34,33.3,1
16.84,51.22,36.68,17.23,0
38.42,33.1,23.71,56.41,2
28.79,77.69,44.73,45.72,4
16.74,56.16,7.24,58.35,4
44.85,38.88,95.41,2.25,0
16.73,63.64,22.33,17.11,1
35.85,99.62,92.23,11.73,3
44.51,49.17,42.59,0.67,0
22.18,92.86,98.55,14.54,0
19.27,41.05,55.41,40.73,0
18.64,14.93,93.08,13.87,0
24.1,28.38,0.53,30.54,1
18.03,47.68,74.82,53.27,4
35.76,29.77,90.31,41.63,0
16.87,10.02,13.97,23.68,1
30.28,92.35,9.61,22.35,3
44.9,85.95,42.46,27.34,3
39.42,76.81,93.37,10.62,3
33.46,25.1,54.24,38.04,0
24.19,20.83,52.75,21.85,0
33.72,16.08,14.11,51.14,4
30.81,75.16,0.08,45.39,4
27.78,93.59,81.01,36.63,0
18.92,48.75,8.76,21.85,1
41.6,20.72,63.38,12.6,0
28.49,56.12,91.46,46.57,4
20.84,41.39,20.87,29.18,1
26.03,43.73,66.53,13.49,0
27.42,65.92,7.87,11.71,1
39.83,74.68,60.38,9.92,0
37.01,19.95,16.39,46.63,4
38.08,13.2,73.6,13.74,0
15.33,99.49,30.12,31.6,1
27.48,30.95,46.34,27.09,0
29.44,14.84,59.94,34.78,0
15.58,27.09,17.13,52.63,4
22.79,13.51,74.16,52.06,4
37.81,45.26,30.26,27.06,1
19.11,82.22,66.24,0.92,0
31.06,40.71,15.83,25.59,1
21.46,49.98,68.81,36.37,0
15.36,70.8,12.82,33.47,1
22.24,55.8,42.54,39.08,0
44.28,87.53,24.72,9.24,2
39.05,87.94,74.84,38.79,3
43.79,10.89,26.2,10.96,2
29.64,80.02,88.17,45.03,4
18.29,51.47,89.18,20.35,0
31.44,99.0,19.64,42.59,4
28.63,53.49,61.38,2.87,1
40.33,98.82,8.77,24.47,2
17.94,77.91,39.15,42.3,4
29.65,32.37,71.33,13.61,0
19.5,58.46,65.94,47.72,4
24.74,99.29,62.47,37.85,0
37.12,87.18,28.25,35.25,3
29.28,18.76,37.8,21.21,0
26.28,73.57,10.29,28.95,1
26.83,41.1,71.9,35.84,0
28.78,10.63,50.39,28.35,0
38.55,46.31,70.88,41.9,0
41.76,31.13,24.89,26.02,2
43.66,83.7,32.44,12.14,3
38.61,40.36,33.42,12.84,1
24.46,84.48,2.57,0.35,1
35.64,10.05,34.1,18.06,1
28.13,37.7,80.33,44.94,4
22.64,31.7,89.73,47.65,4
40.23,31.02,51.82,12.15,0
16.15,16.14,45.55,57.54,4
42.05,26.84,3.08,30.14,0
28.84,60.0,87.92,55.02,4
34.12,36.22,1.3,42.41,4
34.78,47.57,94.48,43.35,4
41.85,43.92,48.92,5.1,0
34.1,88.83,34.19,13.2,3
33.42,91.48,92.42,0.53,3
17.0,54.37,2.44,42.97,4
30.55,39.71,58.14,20.67,0
19.51,19.61,54.89,47.2,4
37.12,95.81,21.93,20.34,3
30.37,15.42,42.89,49.16,4
35.41,36.79,65.23,7.84,0
16.25,36.83,72.71,10.4,0
17.54,38.84,0.07,20.45,1
36.49,24.79,93.69,24.51,0
17.16,80.48,16.45,20.92,1
17.14,21.02,23.36,45.82,4
15.36,67.14,26.35,5.82,1
43.7,21.15,3.78,21.07,2
37.13,16.35,12.31,50.23,1
25.6,91.85,98.63,4.01,0
23.9,27.11,31.52,56.54,4
25.49,83.91,11.53,59.18,4
38.24,59.02,10.7,5.31,2
34.84,17.01,71.95,17.48,0
20.56,95.99,85.46,22.34,0
20.22,32.23,25.7,46.58,4
17.95,87.37,2.09,35.76,1
34.81,25.19,22.31,38.66,1
37.93,86.85,5.65,45.45,0
22.95,11.19,10.34,7.08,1
15.63,56.06,43.15,49.99,4
17.47,79.25,22.99,42.34,4
44.04,94.13,51.59,34.64,3
23.86,91.83,25.35,53.38,4
38.08,83.77,94.05,42.02,4
33.74,89.94,90.59,12.1,3
26.46,27.93,56.68,25.78,0
21.17,35.58,35.44,29.64,0
18.64,36.01,38.11,3.31,0
33.45,43.93,41.19,57.28,4
38.24,45.4,72.76,7.71,0
34.32,59.01,45.16,41.85,0
30.91,24.39,85.67,30.37,0
16.26,72.21,94.41,1.54,0
44.05,25.08,33.59,55.48,4
38.96,37.93,56.07,51.11,2
23.78,55.3,9.51,31.46,1
44.4,81.68,20.05,13.74,2
33.06,76.55,41.35,7.3,3
32.47,68.1,20.62,21.8,1
37.44,24.02,87.66,15.33,0
39.35,59.23,15.83,30.4,2
34.69,17.87,45.57,57.98,4
18.84,43.96,60.57,34.5,0
25.15,47.22,69.19,53.4,4
42.84,13.58,38.31,39.05,0
21.74,34.66,86.91,28.51,0
26.17,96.01,56.83,51.28,4
27.96,95.83,43.95,28.28,0
28.18,41.71,6.72,52.12,4
33.39,13.88,46.47,17.49,0
43.29,26.12,82.07,7.73,0
22.22,45.3,61.45,51.32,4
18.65,95.3,83.22,35.24,0
20.92,22.71,49.4,53.35,4
41.61,78.72,11.85,56.27,2
34.37,19.78,1.36,3.22,1
23.58,98.31,30.32,30.06,1
39.48,44.35,69.8,22.5,0
40.84,79.77,79.03,37.55,3
40.4,40.83,29.58,47.62,2
42.57,66.49,49.57,16.84,0
22.57,27.28,42.11,33.41,0
37.65,23.14,41.05,42.52,4
28.82,94.43,23.13,8.07,3
40.26,92.59,13.64,48.84,2
36.85,89.87,19.67,36.37,3
38.29,66.29,5.53,56.97,2
34.68,82.74,19.81,20.37,3
20.32,16.21,0.92,6.49,1
31.35,40.13,62.73,30.39,0
44.54,38.23,31.64,5.15,1
43.12,67.21,97.31,58.17,4
16.3,42.04,19.37,2.32,1
19.94,23.37,34.58,45.21,4
18.95,63.68,35.78,31.51,0
36.78,83.29,0.85,22.12,3
39.53,44.39,83.92,3.95,0
21.41,21.9,3.2,37.33,1
30.18,27.7,94.02,35.11,0
40.22,31.37,89.21,16.85,0
36.98,36.99,53.55,54.61,4
31.27,67.85,54.36,18.25,0
32.71,64.09,65.38,26.98,0
30.25,72.65,38.71,32.63,0
23.93,42.63,64.72,6.01,0
31.95,84.16,4.48,55.93,4
35.67,28.37,5.4,22.47,1
41.2,52.21,45.72,4.85,0
34.09,82.08,54.96,23.24,3
37.83,26.21,88.78,36.01,0
19.8,19.89,10.47,30.82,1
28.85,89.53,82.26,41.67,3
15.28,40.86,21.0,3.33,1
22.4,71.55,39.41,17.07,4
36.79,12.28,31.66,49.15,4
44.75,72.1,40.02,4.79,0
17.98,38.45,15.05,51.33,4
27.04,15.02,50.36,5.51,0
39.0,64.88,80.16,50.07,4
21.12,31.67,44.15,21.65,0
31.65,44.81,49.06,36.73,0
36.99,17.25,84.88,9.17,0
33.48,23.24,70.61,3.97,0
20.64,36.82,49.05,12.96,0
25.66,18.08,25.77,7.67,1
38.51,91.97,88.49,18.74,3
31.63,10.54,57.7,30.86,0
15.16,53.55,22.11,35.33,1
37.83,21.09,26.91,47.39,4
16.06,37.69,80.31,39.37,0
37.37,93.35,4.41,36.53,3
21.07,24.55,99.21,24.71,0
43.74,96.92,13.04,28.43,2
26.04,28.52,79.61,24.87,4
24.81,76.74,39.48,50.53,4
19.47,59.2,49.22,13.8,0
24.17,89.6,88.07,0.34,0
41.3,59.86,41.29,39.08,0
44.89,58.11,53.75,12.15,0
26.05,27.59,4.93,53.41,4
28.46,24.96,0.23,51.54,4
36.66,92.48,24.48,4.6,3
41.59,39.51,68.06,6.38,0
32.79,43.49,12.13,29.71,1
26.75,78.38,11.38,36.55,1
27.38,40.49,41.1,16.49,0
35.87,95.69,64.78,43.01,4
15.1,76.41,71.21,35.69,3
33.59,63.77,17.85,19.49,1
25.66,89.28,7.96,1.52,1
38.83,14.46,94.04,45.01,4
17.79,33.14,26.07,12.89,1
32.65,51.85,85.33,50.07,1
29.43,30.43,86.35,25.22,1
34.27,76.95,77.25,34.62,3
16.95,92.73,16.88,52.38,4
32.4,48.14,82.18,51.82,4
31.84,40.79,76.93,22.29,0
31.82,96.54,59.67,12.53,3
33.1,50.04,33.72,46.51,4
35.29,54.01,26.25,25.98,1
39.15,41.65,12.19,11.52,2
23.09,91.86,50.98,54.27,4
39.75,61.21,58.53,11.89,0
29.95,78.6,35.93,1.55,3
17.31,83.06,47.54,1.22,0
16.76,40.77,36.35,37.34,0
25.03,49.03,64.1,39.7,0
38.55,86.36,90.13,18.66,3
36.23,42.69,16.39,19.2,1
38.66,81.45,38.14,20.37,3
30.52,94.69,14.09,40.81,3
28.21,66.09,62.49,3.49,0
19.42,76.75,72.89,55.75,4
24.85,82.46,93.19,13.35,0
28.02,86.05,27.89,59.98,4
17.66,45.55,95.02,10.29,0
21.62,14.61,6.33,46.29,4
32.95,46.17,60.3,13.4,0
37.07,70.64,5.71,4.85,1
44.95,50.53,89.38,52.5,4
42.99,77.41,52.98,51.53,4
34.28,42.13,66.93,24.21,0
27.64,67.13,83.16,42.14,4
34.09,26.78,15.03,33.42,1
38.57,77.44,3.86,51.18,2
18.55,59.11,87.89,18.9,0
27.3,28.37,31.49,31.42,1
40.19,36.27,12.9,29.12,2
26.51,77.37,46.85,21.23,4
32.16,53.43,59.83,53.49,4
32.63,29.44,3.1,9.95,1
20.53,97.05,27.49,8.97,1
25.87,74.36,3.28,34.61,1
25.04,96.14,42.03,39.45,0
15.79,48.44,89.51,11.68,0
15.73,52.76,98.27,23.44,0
39.95,90.82,63.7,56.79,4
23.19,57.25,16.16,14.8,1
30.54,73.66,90.58,40.1,0
23.96,32.7,51.62,44.41,4
43.22,50.21,15.37,26.89,2
22.78,21.11,92.17,56.25,4
27.89,28.54,75.75,44.2,4
41.18,10.08,73.17,27.48,0
40.26,13.53,70.92,34.16,0
20.58,97.96,20.03,41.56,1
39.08,31.81,21.1,35.53,2
28.75,69.7,68.83,52.72,4
29.49,85.52,21.97,21.41,3
19.0,59.56,43.87,17.99,0
17.42,23.78,78.2,12.83,0
36.84,75.53,78.4,2.27,1
29.89,64.02,45.33,2.58,0
28.11,75.81,79.22,52.2,4
36.89,79.28,83.86,40.7,3
37.97,97.79,65.48,39.63,3
19.77,61.62,22.84,36.88,1
33.31,40.75,27.4,50.95,4
19.06,68.36,31.48,28.82,1
37.54,16.16,11.68,52.22,4
34.71,90.77,27.32,21.57,3
43.7,20.74,20.95,55.6,2
17.07,39.51,45.53,41.92,0
16.71,83.42,90.84,15.43,0
23.47,63.76,10.45,33.85,1
22.85,45.43,72.03,31.98,0
22.41,52.61,68.73,8.27,0
42.19,86.91,9.58,35.47,2
22.49,40.6,92.26,18.89,0
23.16,88.27,56.85,3.14,0
37.78,17.93,36.37,56.92,4
28.49,79.91,75.65,38.49,3
38.3,86.28,25.74,52.62,2
16.96,26.36,69.35,40.56,0
29.63,48.73,3.97,21.42,1
16.01,24.89,83.94,30.76,0
16.88,73.59,44.82,40.54,0
42.19,58.18,63.67,57.62,4
19.18,67.18,22.12,15.22,1
30.97,27.68,67.71,52.5,4
27.33,29.06,77.22,55.44,4
25.42,13.73,47.32,40.22,0
42.0,38.99,61.77,55.88,0
15.65,60.38,45.63,23.87,0
34.91,87.21,89.41,57.18,4
43.9,70.02,49.79,42.17,4
31.81,49.19,84.18,2.52,0
43.1,95.78,80.14,54.41,4
16.57,74.73,41.05,29.07,0
27.56,93.71,23.01,27.62,1
22.8,57.48,40.61,33.99,0
36.92,33.3,82.62,8.96,0
44.44,14.75,22.76,28.15,0
22.7,75.35,52.44,49.87,4
34.63,20.92,80.61,0.93,0
20.94,37.25,35.35,16.38,0
31.96,57.92,64.22,0.15,0
28.92,60.8,24.56,24.94,1
44.16,64.05,10.93,43.7,2
33.26,24.96,79.44,47.93,4
25.49,44.18,9.9,56.71,4
18.42,65.55,27.14,36.51,1
19.54,97.28,85.51,15.28,0
21.76,75.49,34.65,55.45,4
22.53,93.03,97.3,46.52,4
40.52,78.6,97.97,34.47,0
31.84,63.25,26.83,41.74,1
30.7,27.28,4.1,55.46,4
18.44,70.0,70.51,42.74,4
40.8,66.1,45.1,22.1,0
36.68,64.22,10.08,42.78,4
17.03,54.08,70.75,2.42,0
36.24,57.58,3.12,23.18,1
31.31,40.1,87.02,24.38,0
17.45,56.74,13.87,10.01,0
28.75,27.78,12.73,1.39,1
29.54,82.47,17.57,8.0,3
19.97,26.72,96.03,39.28,0
43.37,17.65,69.32,48.14,4
40.5,49.26,80.14,59.29,4
35.07,69.25,39.76,20.78,0
28.87,49.39,33.63,35.96,1
27.35,34.91,23.45,56.23,4
34.53,60.24,48.06,10.02,0
31.36,41.23,55.18,43.06,4
16.87,93.96,63.18,45.3,4
30.38,93.04,25.71,5.34,3
39.19,55.21,94.87,51.67,4
28.78,39.51,16.98,48.79,4
16.56,76.34,96.57,2.0,0
38.59,13.3,1.49,5.47,2
21.04,52.73,48.11,2.95,0
22.76,40.27,33.34,20.08,1
19.94,92.85,44.91,30.56,0
24.91,11.08,57.07,31.94,0
37.7,59.75,43.56,16.06,0
30.58,76.66,41.48,54.7,4
21.15,53.65,73.27,22.1,0
41.33,17.69,68.59,2.73,0
41.39,97.52,83.33,18.01,3
41.12,56.62,25.0,31.87,2
22.16,65.28,60.95,24.49,0
28.54,31.29,58.52,16.43,0
44.55,53.51,36.97,7.88,0
38.16,48.62,48.61,49.15,4
15.82,16.74,31.38,59.77,4
16.96,19.55,14.18,19.77,1
28.92,85.37,21.38,22.9,3
42.28,31.58,10.55,37.08,2
31.16,27.55,68.31,43.11,4
29.93,55.44,66.07,23.52,0
18.16,79.19,95.06,54.3,4
34.7,15.58,72.97,33.6,0
39.66,61.91,5.2,27.02,3
26.41,20.73,88.42,38.8,0
38.27,13.28,86.27,57.17,4
43.93,14.75,44.33,47.67,4
21.11,85.07,58.59,2.4,0
30.7,20.62,97.61,19.94,0
23.61,14.06,53.23,28.23,0
38.79,49.41,90.53,18.87,0
32.33,85.96,8.3,42.01,4
34.04,33.62,19.11,49.58,4
38.94,47.95,44.08,43.88,4
26.88,13.59,58.48,59.36,4
42.45,50.42,81.62,16.35,0
30.99,61.99,98.83,52.5,4
19.74,61.38,38.89,46.0,4
35.88,39.92,4.74,21.73,1
38.8,38.4,80.12,44.05,4
24.5,19.6,60.44,6.24,0
40.72,43.01,19.85,47.36,2
42.18,18.95,49.48,31.94,0
23.31,78.99,74.23,17.54,0
44.51,96.96,77.04,39.35,3
19.22,97.31,49.96,38.5,0
21.06,87.86,30.52,12.57,1
20.53,64.07,97.37,1.82,0
41.82,73.08,66.34,26.02,0
34.63,35.67,40.82,34.17,0
19.56,66.77,28.05,52.6,4
28.21,51.01,73.11,55.69,4
33.46,53.38,24.22,31.73,1
17.5,78.2,17.17,45.23,4
41.47,35.37,52.98,26.36,3
39.11,38.62,29.0,44.76,2
30.16,93.22,62.89,12.29,3
44.01,15.06,11.79,22.26,2
27.53,53.71,65.49,38.05,0
44.52,92.15,28.33,1.09,2
35.04,64.93,0.02,43.35,4
34.04,59.18,12.69,50.13,4
19.98,32.48,93.36,23.95,0
41.46,40.89,86.74,26.88,0
27.82,86.68,23.36,51.08,4
19.87,60.33,77.84,46.54,4
15.38,56.33,60.86,17.29,0
31.79,18.96,97.09,19.44,0
30.82,11.44,37.36,40.73,0
36.58,96.73,68.15,33.79,3
41.71,43.93,6.35,9.73,2
17.38,64.29,39.62,18.6,0
36.94,17.17,96.38,54.0,4
20.62,71.48,53.9,41.29,0
40.75,93.93,28.79,59.16,2
39.57,61.81,12.03,46.02,2
31.22,21.35,70.35,56.52,4
36.31,62.35,64.49,12.97,0
24.43,78.97,37.39,46.29,4
29.14,46.58,95.09,1.21,0
39.65,89.19,2.22,40.25,2
28.78,68.38,30.37,28.16,1
25.73,90.93,92.11,20.81,0
29.83,66.12,32.09,51.74,4
39.85,21.82,25.23,51.26,2
25.06,37.87,53.42,1.34,0
20.21,28.16,82.38,36.57,0
36.36,91.79,10.31,22.07,3
39.78,78.44,94.3,24.94,3
18.02,70.88,79.51,49.92,4
22.2,37.09,18.13,18.59,1
19.26,26.56,71.2,56.58,4
25.44,78.08,38.5,10.78,0
28.51,52.67,40.23,39.76,0
37.46,30.32,78.33,40.33,3
34.53,65.5,96.28,15.13,0
33.63,13.63,12.67,19.49,1
25.57,39.36,42.06,50.09,4
40.24,52.17,48.09,45.71,4
29.14,23.32,37.63,19.75,0
44.37,98.62,36.32,32.04,3
34.02,28.82,5.23,3.7,1
18.79,21.73,68.55,12.52,0
35.29,28.32,43.62,29.15,0
24.75,79.22,19.48,5.16,1
35.59,48.3,81.6,50.6,4
17.09,60.89,80.26,43.08,1
20.25,11.89,48.64,56.62,4
40.67,13.1,29.85,41.61,2
21.82,50.12,63.81,56.42,4
40.11,83.5,28.82,33.27,2
23.38,89.67,23.6,36.01,1
34.29,17.8,73.05,58.62,4
35.82,58.45,4.03,38.53,1
30.38,92.19,9.48,1.85,3
24.16,44.92,0.68,43.43,4
21.38,84.66,15.29,54.33,4
16.0,22.03,6.9,47.73,4
24.12,94.19,99.58,35.03,0
34.59,77.63,28.88,40.28,3
43.15,94.72,14.93,59.41,2
41.14,70.9,24.1,5.44,2
37.98,42.71,93.61,40.03,0
38.65,94.44,52.02,17.0,3
34.95,34.8,36.48,38.41,0
22.81,39.9,87.34,36.46,0
42.22,73.07,39.5,9.21,0
35.12,78.88,33.5,12.4,3
31.81,93.65,20.73,37.3,3
18.33,28.43,37.78,7.69,0
28.41,81.82,31.67,15.91,3
28.81,76.47,67.73,50.11,4
40.94,15.74,28.96,19.63,2
31.4,44.85,57.72,29.28,0
26.41,35.45,6.59,56.47,4
44.3,37.4,19.13,13.63,2
18.32,98.47,40.74,23.38,0
27.68,67.85,93.69,36.39,0
16.26,74.59,37.73,45.32,4
37.2,97.9,66.41,54.1,4
42.54,43.95,25.51,54.93,2
23.4,82.17,12.7,46.6,4
40.75,49.11,5.85,13.7,2
23.77,88.26,30.54,1.49,1
42.32,26.26,15.77,23.03,3
37.62,95.29,17.4,8.49,3
39.15,29.69,76.08,42.62,4
15.54,39.36,1.58,39.67,1
43.88,78.06,55.78,2.64,3
36.8,45.44,37.95,50.2,4
24.14,64.74,50.65,14.92,0
39.88,50.01,56.28,25.93,0
23.45,76.81,31.34,40.08,1
41.18,30.55,29.51,25.77,2
18.38,15.26,73.34,26.48,0
36.11,36.99,87.13,3.94,0
31.22,52.69,19.26,24.09,1
17.9,25.12,9.76,45.89,4
22.26,41.93,89.78,54.91,4
15.37,46.0,34.99,24.81,1
29.06,15.17,55.13,25.42,0
24.04,62.5,35.95,42.16,4
32.95,89.59,12.58,56.57,1
23.92,23.66,58.93,16.02,1
24.0,63.8,52.51,26.41,0
37.3,69.83,20.3,47.76,4
16.44,47.74,45.19,36.58,0
42.09,73.1,79.69,6.64,0
40.57,46.97,59.04,37.66,0
35.03,55.42,9.69,11.2,1
32.8,10.66,54.8,30.61,0
41.77,72.25,70.27,31.75,0
20.56,69.52,79.27,52.57,4
17.37,13.46,62.91,27.75,0
22.19,43.14,15.27,16.77,1
38.84,98.11,71.02,13.86,3
16.04,47.87,67.73,52.46,4
32.48,55.18,2.44,10.26,1
44.86,91.89,41.17,25.55,3
40.67,74.55,33.3,11.23,1
30.64,62.39,66.94,46.4,4
16.91,81.8,21.61,28.46,0
39.94,87.79,59.09,21.07,3
32.97,51.12,91.32,21.67,0
18.45,52.76,79.78,51.13,4
17.82,44.74,92.15,33.23,0
42.29,97.0,97.85,43.07,4
35.08,72.74,1.07,53.82,4
39.88,17.49,62.27,54.1,4
41.37,87.67,41.28,19.71,3
32.15,53.25,85.99,57.15,4
30.52,16.19,25.18,1.49,1
27.91,59.47,98.1,22.61,0
24.51,47.54,61.37,53.75,4
28.04,89.0,79.35,16.48,3
38.22,28.36,8.56,16.38,2
33.06,84.38,18.35,18.16,3
41.78,60.19,75.84,36.74,0
28.3,14.91,2.2,26.3,1
33.21,97.47,81.69,43.6,4
33.94,56.14,1.39,53.69,4
32.75,36.18,65.71,40.45,0
36.08,52.25,36.51,12.27,0
22.12,87.21,61.15,55.96,4
30.37,37.44,69.6,15.87,0
18.13,27.34,34.25,8.99,1
26.54,21.62,10.8,5.4,1
29.63,36.81,6.96,33.8,1
34.57,80.2,58.89,6.83,3
43.52,52.45,52.07,8.33,0
33.02,30.47,74.22,18.0,0
37.31,24.96,50.97,16.9,0
30.19,39.95,42.24,36.25,0
34.02,94.59,39.81,49.0,4
17.13,40.87,2.64,45.68,4
22.63,98.93,33.56,15.75,1
25.86,53.67,97.6,14.72,0
29.17,26.12,87.36,57.95,4
16.37,90.2,32.94,0.49,1
19.2,51.43,58.78,52.78,4
23.3,73.87,84.73,11.98,0
44.15,98.53,44.13,56.84,4
24.94,14.52,1.8,20.54,1
29.46,18.7,7.45,26.42,1
20.88,74.84,51.04,42.43,4
33.32,35.36,96.94,35.26,0
23.42,26.59,69.32,19.08,4
21.21,13.54,7.09,33.23,1
30.5,11.97,18.94,43.84,4
15.17,79.7,77.13,2.54,0
15.23,22.1,84.14,0.67,0
21.57,52.09,61.77,27.48,0
16.1,64.53,64.44,7.91,0
18.24,48.55,2.83,39.86,1
25.17,12.44,82.85,12.84,0
39.08,80.52,78.83,25.97,3
32.16,10.95,25.9,11.86,1
30.38,78.57,70.87,32.91,3
23.8,90.4,21.49,6.96,1
42.95,48.96,4.03,1.39,2
26.91,58.2,20.11,3.07,1
17.61,52.93,17.86,57.26,4
33.51,45.03,33.77,8.54,1
18.42,89.87,41.84,42.51,4
25.36,90.45,50.85,4.08,0
30.22,40.22,47.68,6.49,0
41.23,65.36,27.07,30.53,2
29.81,93.42,2.92,27.89,3
36.07,96.59,60.51,57.09,4
44.78,55.81,39.57,56.69,4
18.94,50.75,29.87,46.78,4
23.24,35.08,86.69,36.13,0
26.84,96.3,74.67,27.3,0
27.65,22.85,85.78,21.37,0
27.33,62.18,49.5,56.83,4
42.23,35.43,13.09,36.17,2
36.42,35.11,69.62,34.74,3
33.24,46.45,20.61,13.91,1
24.28,99.89,44.12,2.8,0
39.71,14.95,6.5,56.71,2
43.65,62.07,82.53,18.82,0
39.64,17.43,12.59,26.56,2
15.05,23.91,90.31,6.88,0
34.09,49.56,86.42,50.22,4
16.53,55.94,46.46,1.66,0
22.73,33.29,74.44,50.04,4
16.79,38.48,61.94,8.42,0
33.11,17.83,80.31,53.19,4
35.6,37.29,43.18,43.79,4
18.43,96.99,78.58,9.88,0
26.52,95.02,46.25,33.95,0
28.69,40.14,94.1,18.76,0
26.07,61.38,48.64,10.69,0
18.63,91.86,46.26,51.55,4
27.57,10.56,78.51,24.21,0
37.54,82.96,82.16,23.91,3
17.13,95.35,55.45,10.19,0
17.41,18.22,17.98,22.98,1
25.64,24.53,46.78,52.3,4
43.25,96.47,96.81,21.79,3
35.06,58.38,75.3,57.1,3
35.36,11.28,81.12,56.78,4
25.86,33.19,3.28,8.69,1
32.81,50.49,46.79,10.64,0
15.3,72.36,64.66,51.76,4
34.08,75.98,83.0,23.57,3
42.4,99.59,4.93,0.26,2
33.38,35.88,85.24,16.43,0
41.21,58.44,54.84,35.86,0
36.72,58.0,19.73,47.96,4
18.62,46.51,31.73,8.0,1
42.07,25.22,28.19,6.63,2
16.99,97.97,53.09,55.33,4
31.02,86.8,5.17,45.07,4
19.26,54.85,15.85,35.39,1
15.35,64.29,81.27,46.15,4
27.66,30.45,13.26,25.73,1
23.85,58.94,23.34,45.51,4
29.58,72.55,45.34,22.31,0
32.32,56.37,51.71,14.65,0
16.31,99.13,76.36,43.74,4
18.69,65.02,44.73,25.18,0
31.76,43.39,78.99,58.88,4
25.3,79.49,61.83,20.97,0
36.88,25.34,11.31,55.3,4
34.57,44.61,15.63,55.98,4
40.37,41.23,43.7,14.51,0
35.77,48.86,39.69,47.89,4
27.9,80.36,74.35,25.98,0
35.19,53.58,58.07,55.05,4
23.26,81.46,38.81,27.01,0
24.19,61.88,17.08,44.66,4
38.67,40.79,22.68,28.02,2
28.39,82.9,57.55,13.67,3
38.95,31.45,42.34,11.96,1
39.67,30.19,51.49,25.53,0
40.73,55.41,17.07,45.33,2
42.5,33.48,66.29,36.3,0
27.93,10.82,85.25,41.32,0
24.57,68.35,25.79,16.94,1
32.47,56.0,49.15,28.89,0
26.14,50.1,97.55,2.66,0
33.03,97.03,33.32,49.05,4
36.17,61.41,59.5,59.39,4
35.65,87.71,9.02,24.41,3
26.24,22.55,60.6,0.66,3
20.01,61.23,8.96,10.19,1
27.92,88.12,95.92,39.15,0
19.28,62.48,71.57,36.72,0
41.7,74.62,78.82,47.27,4
25.38,43.48,70.41,15.23,0
19.63,18.32,58.97,45.82,4
15.76,51.21,44.99,41.28,3
34.37,45.5,85.84,19.37,0
34.11,88.04,95.68,32.73,3
25.22,31.96,49.9,8.84,2
17.15,97.01,93.15,27.15,0
27.29,96.23,58.33,52.87,4
24.34,32.29,53.84,25.27,0
35.31,41.32,45.45,50.37,4
33.17,90.6,20.93,35.42,1
25.94,97.0,0.37,11.51,1
21.54,49.91,24.15,34.87,1
44.64,38.89,50.97,30.36,0
28.62,57.35,38.0,23.92,0
35.65,71.9,44.85,7.18,0
19.22,34.61,98.06,25.0,0
29.57,76.28,35.03,4.37,3
15.83,14.65,45.22,5.93,0
30.16,14.44,13.35,24.95,1
43.92,44.77,4.8,18.32,2
26.53,41.81,77.54,55.53,4
16.17,38.41,57.07,22.54,0
15.93,54.19,76.07,45.47,4
26.64,38.87,14.99,31.81,1
19.8,27.3,57.18,42.25,4
15.7,37.85,25.36,15.61,1
37.69,97.74,22.81,56.51,4
28.76,47.0,1.15,31.81,1
23.68,50.02,13.03,49.88,4
42.0,61.89,30.93,21.9,1
18.48,98.5,11.69,6.01,1
43.68,31.74,98.59,40.42,2
24.42,71.32,30.86,0.47,1
41.65,74.44,13.03,28.52,2
33.09,64.66,19.91,11.57,1
39.8,17.97,58.77,37.64,0
44.52,70.92,6.4,58.77,1
23.65,15.77,86.24,27.86,0
43.83,63.65,96.15,49.05,4
26.68,76.56,24.67,30.47,1
26.57,28.99,45.01,29.75,0
25.21,85.75,2.21,55.83,4
31.24,12.73,64.07,53.4,4
19.62,85.94,41.39,47.15,4
31.61,51.43,27.01,17.78,1
31.25,29.58,20.68,32.7,1
37.86,22.04,65.4,13.43,0
40.01,95.8,41.62,26.64,3
28.21,16.54,17.97,29.05,1
24.07,27.92,68.91,49.9,4
22.78,41.3,56.51,53.76,4
20.84,65.82,85.87,24.88,0
16.73,59.03,11.75,1.06,1
25.27,21.31,78.57,51.71,4
23.11,36.08,67.35,10.46,0
43.99,31.49,11.5,37.31,2
31.73,29.22,69.48,1.5,0
25.42,47.0,44.15,23.97,0
32.41,73.36,94.5,59.16,4
19.18,29.57,14.16,6.04,1
28.32,43.0,64.28,25.42,0
33.79,45.18,38.2,18.43,0
29.67,97.88,95.68,54.31,4
27.05,95.92,33.0,52.16,4
44.82,82.01,96.22,14.26,3
41.41,31.75,90.15,4.87,0
33.7,16.12,27.04,37.63,1
32.08,38.52,80.35,20.18,4
33.62,34.01,99.56,40.33,0
21.04,55.53,25.27,1.93,1
26.85,80.0,43.68,8.0,0
16.18,87.25,52.02,41.18,0
29.27,86.04,29.49,12.74,3
31.29,42.37,1.53,51.46,4
21.83,71.85,22.01,3.52,1
43.92,38.16,28.19,12.93,2
42.28,15.48,44.36,59.91,4
36.66,73.14,17.11,25.98,1
31.0,10.88,87.33,42.18,4
41.1,46.83,70.49,10.96,0
18.92,39.64,8.52,36.59,1
38.72,72.4,65.01,43.57,4
18.74,78.96,65.37,18.87,0
38.83,37.37,95.62,49.73,4
23.27,83.05,0.3,36.21,1
41.31,36.45,24.79,23.35,2
43.32,50.17,92.78,33.46,4
19.46,75.43,93.21,34.61,0
28.88,72.36,72.06,9.93,0
44.43,98.86,76.58,24.16,3
29.5,30.26,9.15,20.61,2
40.91,69.61,51.39,24.05,0
32.66,64.87,23.16,45.67,4
26.26,92.36,18.12,28.95,1
23.57,24.07,81.03,56.42,4
21.1,77.66,13.5,17.62,1
37.85,61.14,46.87,24.94,0
26.6,34.72,93.86,47.22,4
30.34,52.7,18.58,32.76,1
29.77,40.04,97.8,32.82,0
32.32,62.14,99.43,3.2,0
40.97,90.01,55.56,23.92,3
44.42,61.24,17.01,16.24,2
27.23,66.86,31.61,59.96,4
39.83,56.69,42.45,18.5,0
37.94,14.6,30.93,53.07,4
32.21,30.96,28.06,40.57,3
43.68,54.28,97.22,20.45,0
21.01,37.92,15.34,32.61,4
18.28,26.36,73.33,50.43,4
40.62,55.37,0.04,53.0,2
28.17,39.05,59.62,9.62,0
40.41,33.23,91.59,20.37,0
41.79,51.76,28.79,20.11,2
16.87,22.0,18.55,2.52,1
41.5,93.5,65.17,35.89,3
28.45,88.09,71.26,51.29,4
30.31,73.69,68.8,22.89,0
33.8,19.56,31.93,44.4,4
42.79,79.83,25.22,37.66,2
15.57,82.72,95.59,22.54,0
29.31,79.1,92.33,8.46,3
35.63,20.26,45.73,42.56,4
36.68,67.95,84.62,51.27,4
35.78,85.09,45.23,41.15,3
19.03,61.96,42.44,1.07,0
23.98,68.18,15.68,12.97,1
25.76,51.25,42.64,4.17,0
39.13,57.58,53.74,34.22,0
23.36,13.09,2.25,45.39,4
21.32,67.51,44.41,6.63,0
43.72,17.33,78.14,50.3,4
15.27,49.15,68.0,33.33,0
44.93,36.34,63.52,41.4,0
35.3,59.09,90.96,58.28,4
39.85,22.01,1.8,5.02,2
23.84,72.25,55.7,54.07,4
15.43,81.55,78.73,7.57,0
37.14,24.7,54.13,23.58,0
40.02,19.39,32.39,51.09,4
37.21,23.1,13.63,54.38,4
19.29,88.94,88.76,30.38,0
37.6,57.54,47.08,35.65,0
38.07,52.05,87.81,42.49,4
34.76,19.6,58.59,49.97,4
37.98,68.46,67.42,7.29,0
40.38,88.12,80.43,48.6,4
33.41,84.54,65.92,28.88,3
17.66,66.34,39.81,27.04,0
29.63,16.78,51.36,25.43,0
17.33,20.12,80.3,30.55,0
27.23,14.44,37.37,56.7,4
27.21,33.17,38.81,32.89,0
16.98,22.21,9.57,57.19,4
25.46,33.4,91.46,10.82,0
18.33,44.66,9.1,43.45,4
39.25,94.87,64.82,48.73,4
43.43,64.93,41.32,40.75,0
17.17,85.15,40.56,36.42,0
43.65,73.93,67.96,33.89,0
30.68,20.13,6.71,51.66,4
23.99,76.23,59.37,49.3,4
17.31,34.76,77.2,7.34,0
30.02,67.52,82.82,50.92,2
38.84,40.69,17.05,24.84,2
36.21,99.79,89.74,15.22,3
16.51,33.72,65.61,52.19,4
17.19,35.12,88.19,25.92,0
27.09,93.76,48.53,48.5,4
23.86,12.22,54.2,15.8,0
21.97,72.7,91.9,0.24,0
23.43,75.28,89.99,29.73,0
39.1,85.27,44.82,6.01,3
42.88,97.7,27.44,45.26,2
27.15,97.8,39.32,16.56,0
42.18,15.87,38.78,26.62,0
24.64,83.97,28.69,5.22,1
29.29,68.17,26.86,17.2,1
21.78,68.26,86.11,46.89,4
34.21,21.55,6.99,9.1,1
44.37,68.52,67.76,38.83,0
33.1,98.42,17.28,55.05,4
25.73,92.06,34.45,40.79,1
34.43,49.52,6.15,48.66,4
18.69,13.6,27.0,6.54,1
41.66,42.61,76.84,15.04,4
30.09,84.38,88.5,53.67,4
28.48,73.13,22.15,42.91,4
32.58,51.34,46.35,38.37,0
33.74,14.96,47.03,39.83,0
17.15,48.42,87.36,24.85,0
35.48,52.21,76.28,2.67,0
22.26,93.57,51.31,47.07,4
36.42,67.7,67.07,40.72,0
39.68,38.05,84.74,28.37,0
39.12,57.28,0.95,53.99,2
31.58,15.94,40.29,20.17,0
30.61,97.53,90.72,17.66,3
19.29,42.41,74.03,52.37,4
38.26,53.01,54.28,47.82,4
23.14,41.98,52.96,30.9,0
29.9,71.43,34.78,7.84,1
23.53,69.6,52.05,12.9,0
19.01,74.38,65.54,39.37,0
33.89,34.13,41.84,23.1,0
16.63,38.41,71.42,50.19,4
37.46,21.27,86.12,57.0,4
24.53,69.0,15.47,48.34,4
15.0,13.58,45.15,22.65,0
30.33,63.79,40.8,47.32,4
16.41,88.27,68.75,21.09,0
23.29,90.17,24.99,10.03,1
36.21,50.41,64.03,2.0,0
16.88,51.34,87.75,23.14,0
40.18,16.93,41.81,54.21,4
15.11,70.37,91.1,14.34,0
22.4,83.91,99.32,12.39,0
37.23,32.02,10.61,58.19,4
24.49,47.92,23.31,1.5,1
18.06,85.5,95.04,47.15,4
25.81,88.94,95.83,19.28,0
23.11,31.89,9.77,2.25,1
40.28,59.55,1.5,55.07,2
24.4,27.32,16.11,8.38,1
38.67,19.17,99.6,33.11,0
41.76,92.0,18.0,16.44,2
28.01,83.85,50.25,3.91,3
42.3,78.4,84.84,3.0,3
26.32,14.39,2.04,6.93,1
43.92,85.94,60.45,4.28,3
17.68,49.42,27.7,45.63,4
35.61,40.82,86.23,29.13,0
29.81,59.18,28.35,20.57,1
26.63,18.22,68.68,25.1,0
33.98,78.1,67.42,55.74,4
36.12,62.42,22.15,54.65,4
15.13,26.79,3.48,42.94,4
20.01,26.94,40.92,53.08,4
36.39,26.58,28.92,19.18,1
34.99,15.13,80.9,22.87,0
43.98,62.9,80.04,36.82,0
37.83,85.63,45.7,37.42,3
43.52,11.57,60.65,28.9,0
36.08,14.41,60.43,24.04,0
23.94,61.55,82.72,59.17,4
18.16,83.75,42.5,49.27,4
38.45,39.41,27.54,26.1,2
34.32,41.47,26.5,43.64,4
16.45,63.67,53.62,16.17,0
25.8,34.68,44.91,6.01,0
43.7,12.39,44.01,21.15,0
30.01,76.17,9.11,24.18,3
27.98,66.31,71.86,0.99,0
28.73,62.27,21.37,48.89,4
21.27,76.75,19.7,21.55,1
26.06,70.77,41.28,34.83,0
26.09,28.53,22.78,4.44,1
16.57,41.72,58.39,10.5,0
38.03,21.35,37.15,53.38,4
27.5,21.69,44.89,36.52,0
39.67,70.86,53.72,57.02,4
40.51,87.27,20.35,59.93,2
21.36,96.65,15.58,22.31,1
34.72,66.55,88.04,17.93,0
29.17,26.57,43.37,51.5,4
41.4,19.51,41.21,59.92,4
21.47,83.16,3.56,37.78,1
35.33,62.09,49.8,47.71,4
33.23,65.65,55.42,46.9,4
23.86,80.33,55.88,21.32,0
19.1,73.29,70.7,34.46,0
34.55,85.1,17.75,49.98,4
37.16,15.06,25.22,41.29,1
24.47,77.28,81.07,1.27,0
34.34,86.58,94.72,20.2,3
26.85,35.75,13.59,8.67,1
36.4,67.64,49.76,13.98,0
20.98,38.27,21.42,54.33,4
41.71,96.22,6.01,2.21,2
23.62,13.01,32.55,13.19,0
26.03,62.18,14.37,18.57,1
16.74,24.99,70.99,37.01,0
18.35,74.1,53.37,32.05,0
30.48,25.83,14.38,13.1,1
23.03,31.18,0.92,9.85,1
40.06,54.49,80.82,14.21,2
15.44,92.34,17.62,30.15,1
26.37,29.05,60.62,16.27,0
25.12,22.98,33.69,56.86,4
15.58,78.31,58.55,27.83,0
18.73,55.06,31.57,3.53,1
27.41,92.06,8.69,43.76,4
29.79,23.2,22.3,19.73,1
27.13,68.13,18.81,39.21,1
30.93,30.96,42.8,16.78,0
32.85,24.11,65.83,34.24,0
15.3,71.51,26.38,46.33,4
28.92,63.43,1.21,55.68,4
43.9,77.93,51.89,15.67,3
30.57,37.85,60.58,20.09,0
35.33,50.32,96.29,27.86,0
24.36,46.49,58.95,55.63,4
38.22,98.57,47.12,54.08,4
38.19,36.3,57.34,5.39,0
30.64,36.53,92.79,7.92,0
44.28,41.91,82.84,29.73,1
18.77,60.81,32.3,6.4,1
15.51,32.71,23.73,20.73,1
38.1,92.38,26.26,8.9,2
39.21,33.91,50.44,38.16,0
18.61,90.62,74.4,56.97,4
22.97,19.31,50.32,59.8,4
15.53,69.09,6.78,22.51,1
23.8,91.63,72.36,35.94,0
38.19,25.19,80.6,51.38,4
30.54,97.15,28.95,7.05,3
25.44,50.76,66.41,41.37,0
26.15,95.11,42.66,24.53,0
15.04,70.91,88.91,12.37,0
23.99,37.14,84.52,24.17,0
34.39,26.95,52.54,4.56,0
44.23,37.34,69.15,41.72,0
40.41,18.37,88.33,15.16,0
15.71,22.95,49.57,18.68,0
41.96,19.42,31.33,7.26,1
38.5,48.06,75.37,51.88,4
38.41,81.6,22.01,29.61,2
28.74,22.72,38.85,34.33,0
26.94,21.73,86.57,34.17,0
24.09,67.91,72.44,24.63,0
16.97,27.75,40.38,11.55,0
21.85,18.78,21.47,44.71,4
22.4,25.02,35.6,7.62,0
29.52,93.14,28.41,6.23,3
37.42,83.93,17.61,42.61,4
29.21,41.87,74.33,12.53,0
16.74,69.02,25.21,18.41,1
43.73,58.35,45.42,28.51,0
43.28,70.94,38.59,26.96,0
38.56,71.44,98.21,42.51,4
44.74,66.59,39.11,37.41,0
31.33,33.95,8.0,38.66,1
43.88,13.51,8.98,42.84,2
17.27,51.0,59.08,17.56,0
25.97,90.19,59.94,19.34,0
21.76,61.25,41.88,26.28,0
20.87,84.92,43.18,18.45,0
19.22,99.25,5.39,59.1,4
33.67,24.73,51.65,48.84,4
38.44,72.26,50.47,9.88,0
32.35,70.69,14.95,0.34,1
19.41,98.2,10.38,2.57,1
39.33,98.7,12.36,14.64,2
34.08,71.8,10.1,6.86,1
26.64,31.93,60.97,32.0,0
35.22,81.87,19.65,51.48,4
22.8,19.63,25.14,44.21,4
25.36,80.26,17.36,12.94,1
42.52,91.92,95.78,23.96,3
23.72,44.46,85.46,30.47,0
29.1,66.76,23.05,48.61,4
41.7,48.71,32.76,50.35,4
36.23,49.4,20.99,54.58,4
16.87,37.93,49.19,30.55,1
19.42,78.59,1.96,41.66,1
15.24,94.26,67.14,6.71,0
33.93,94.67,52.32,33.92,2
28.43,25.73,89.86,14.92,0
19.03,88.73,16.44,25.9,1
43.74,76.37,80.41,38.04,3
30.89,32.76,79.2,15.42,0
22.26,16.06,12.72,3.13,1
30.02,34.12,39.86,0.61,0
35.39,92.1,17.02,1.33,3
17.29,66.99,25.47,0.5,1
23.24,74.89,26.32,6.62,1
39.21,33.14,55.62,14.37,0
28.79,74.74,41.14,13.27,0
31.4,12.53,94.77,59.21,4
27.98,43.78,12.64,18.36,1
16.32,66.41,97.37,7.65,0
19.97,23.15,23.06,32.73,4
28.37,84.07,77.29,51.48,4
21.28,31.15,33.9,40.68,1
16.5,68.71,14.31,17.76,1
40.31,46.47,85.79,33.7,0
44.44,63.64,30.89,42.89,4
38.79,19.67,65.89,43.69,4
40.61,11.52,56.64,39.99,0
22.26,91.86,47.18,52.25,4
43.82,34.27,49.58,52.21,4
20.91,83.77,73.22,34.74,0
43.54,99.94,8.78,25.79,2
44.84,29.03,66.82,38.49,0
36.35,33.87,89.58,49.09,4
44.43,69.66,5.78,0.34,2
32.09,96.89,14.07,59.52,4
22.79,92.42,71.66,10.97,0
28.11,55.26,43.73,28.21,0
32.81,81.56,40.35,52.32,4
17.19,22.22,13.7,13.5,1
33.67,97.97,50.68,28.61,3
44.44,96.79,12.65,7.95,2
20.7,24.74,47.66,23.7,0
38.78,36.95,76.36,10.63,0
42.24,19.01,25.83,21.82,2
43.31,34.45,48.08,22.41,0
43.8,83.44,99.2,59.59,4
30.64,44.05,68.67,59.69,4
44.32,17.96,84.14,6.89,0
37.72,40.8,41.48,43.56,4
19.85,98.32,76.79,3.1,0
29.31,66.67,4.05,1.81,1
36.55,47.45,12.29,6.32,1
22.42,24.99,20.31,57.93,4
34.22,98.76,40.2,56.45,4
35.0,83.88,84.57,11.64,3
19.88,35.33,34.63,9.7,1
31.95,16.31,65.46,14.43,0
38.15,15.1,70.93,30.93,0
29.97,20.83,58.62,34.18,0
15.36,62.27,35.72,13.3,0
15.27,93.59,57.71,45.4,1
25.71,54.71,34.23,18.57,1
42.79,85.87,8.39,55.33,2
21.86,50.13,99.28,39.4,3
34.03,73.77,12.72,26.18,1
21.66,75.87,7.23,47.39,4
24.65,25.66,87.85,49.07,4
40.44,42.51,30.18,17.43,1
36.87,67.36,65.03,20.38,0
17.86,16.36,32.9,56.16,4
27.86,42.54,39.15,9.88,0
15.88,58.13,26.21,2.53,1
29.43,99.66,34.3,27.24,3
34.87,52.71,41.07,48.07,4
18.56,83.45,72.04,46.3,4
23.67,48.89,51.15,55.17,4
26.94,81.68,94.36,31.99,0
42.59,63.59,4.19,6.0,2
44.8,89.79,50.31,35.32,3
16.35,46.98,58.42,46.7,4
37.83,64.39,92.02,5.6,0
26.15,66.7,4.92,10.36,1
26.77,47.56,57.35,0.74,0
37.63,22.99,85.36,35.62,0
42.55,18.42,24.19,53.2,2
43.53,11.5,87.63,40.24,0
32.31,88.62,1.9,58.92,4
25.71,31.28,73.25,3.78,0
38.63,29.04,93.31,54.18,4
22.53,76.24,65.72,48.84,4
31.92,38.8,43.9,18.85,0
25.76,55.54,4.49,58.41,4
34.7,24.63,92.01,17.28,0
22.21,96.38,47.03,53.36,4
20.75,86.64,2.9,52.84,4
42.55,87.74,68.98,45.46,4
18.05,46.61,48.18,33.81,0
30.18,78.61,12.43,7.2,3
21.63,22.95,21.43,31.92,1
16.17,10.78,6.45,21.41,1
16.08,11.8,57.43,47.53,4
20.26,62.79,62.2,45.49,4
41.0,50.99,50.57,54.64,4
23.47,56.62,81.71,0.89,0
43.51,10.67,86.1,48.55,4
32.45,48.04,61.56,56.31,4
28.1,74.63,1.28,47.36,4
32.4,49.84,69.52,7.81,3
30.5,75.9,41.8,4.88,3
37.76,30.97,56.56,1.25,0
23.47,83.18,64.91,37.72,0
25.59,62.96,35.02,37.78,0
41.82,28.97,91.71,59.21,4
43.39,31.3,13.4,23.88,2
41.78,66.52,67.15,19.91,0
27.58,84.69,0.44,37.47,1
38.41,47.41,92.47,49.54,4
29.29,33.25,11.25,56.21,4
29.93,88.03,9.49,48.19,0
21.14,70.23,33.3,25.6,1
32.73,50.33,37.36,38.09,0
20.58,53.91,21.43,51.38,2
24.95,28.38,58.51,29.44,0
40.65,66.41,44.29,13.0,0
21.21,42.29,3.42,10.18,1
17.13,99.61,31.97,0.01,1
17.07,53.22,81.04,43.09,4
43.22,53.73,68.97,6.67,0
30.21,60.93,72.49,14.63,0
27.28,92.51,69.81,17.87,0
39.33,82.07,31.1,33.62,3
40.07,50.6,9.97,23.88,2
24.97,74.68,27.25,40.48,1
35.81,62.76,83.18,3.34,0
38.13,54.31,98.05,7.44,0
34.64,27.31,49.38,29.95,0
19.55,51.75,0.97,20.22,1
41.28,32.12,14.0,17.75,2
31.17,92.34,32.21,4.02,3
23.47,40.19,57.86,53.74,4
27.76,95.7,7.51,41.51,1
16.13,57.97,94.34,7.3,0
18.84,66.84,36.51,3.9,0
37.97,58.86,91.26,58.49,4
15.0,21.64,78.05,40.87,0
27.5,43.82,75.54,25.05,0
30.68,18.92,60.67,42.1,4
16.64,66.07,62.68,45.38,4
44.19,50.22,63.8,46.8,4
21.78,80.02,62.87,28.67,0
24.13,29.84,55.37,25.79,0
24.12,24.81,98.64,0.66,0
21.91,46.57,73.23,55.59,4
15.04,93.39,77.69,36.2,0
36.88,73.94,87.25,12.19,0
44.01,47.7,21.56,55.18,2
21.73,56.55,8.38,54.9,4
34.89,17.58,48.29,59.35,4
37.26,98.61,51.41,52.44,4
40.45,69.98,82.92,59.87,4
27.68,35.69,44.38,14.68,0
24.09,62.72,57.09,50.53,4
24.76,19.85,52.71,49.38,4
36.38,96.93,3.82,13.86,3
39.5,25.73,61.52,5.91,0
20.45,68.32,82.8,58.77,4
26.13,32.09,15.75,17.76,1
42.06,74.58,59.43,52.25,4
39.2,79.91,59.36,0.25,3
44.55,70.61,16.42,1.26,2
37.63,65.3,12.35,27.95,1
26.8,90.32,98.01,14.32,0
32.72,17.08,39.37,41.39,0
34.83,39.78,22.74,33.93,1
17.35,32.35,17.13,4.65,1
31.33,98.92,66.76,9.76,3
36.28,45.05,60.94,23.28,0
20.02,75.94,64.36,11.14,0
38.42,71.63,8.8,47.53,2
32.51,29.09,89.35,24.96,0
43.57,31.51,38.93,5.61,0
16.27,35.32,31.34,29.06,1
22.96,47.0,46.24,5.45,0
33.05,31.09,39.01,7.74,0
23.9,11.77,86.36,14.38,0
36.43,89.15,92.93,51.57,4
37.77,96.9,30.35,55.48,4
18.08,40.74,86.39,49.58,4
30.42,40.47,78.15,20.04,2
30.27,10.64,93.08,16.35,0
26.08,71.22,24.58,32.95,1
42.99,84.29,57.7,43.31,4
39.83,23.19,27.45,59.6,2
35.92,24.37,82.41,7.89,0
36.43,81.11,0.53,2.96,3
28.85,65.47,56.48,41.66,0
42.63,14.04,33.92,49.93,4
35.84,66.03,32.27,50.78,4
36.87,37.8,64.49,40.71,0
40.85,43.19,85.15,57.24,4
23.22,79.28,60.92,30.66,0
39.21,82.98,85.32,54.83,4
20.86,46.03,26.46,58.07,4
25.36,95.24,51.95,50.83,4
25.07,46.58,45.05,18.59,0
44.36,79.47,1.16,11.77,2
40.7,53.55,55.68,32.89,0
36.04,90.78,66.15,27.18,3
36.81,91.7,59.19,52.67,4
31.86,17.87,73.63,6.0,0
43.41,94.28,57.13,15.46,3
29.89,84.3,6.68,45.11,4
26.42,81.22,11.64,5.7,1
19.89,28.08,59.65,19.25,0
38.59,82.46,27.5,23.23,2
37.03,86.51,7.96,37.36,3
26.53,36.02,42.96,9.49,3
15.76,95.7,55.43,51.64,4
40.17,14.49,32.87,26.85,1
15.34,23.49,72.04,55.02,4
36.11,58.38,64.38,28.07,0
44.11,61.82,33.28,16.5,1
28.13,68.06,75.49,8.51,0
22.05,11.53,64.87,0.22,0
36.15,96.43,63.74,31.93,3
39.51,14.01,55.34,6.43,0
31.39,22.88,1.14,23.5,1
44.01,11.26,69.65,35.36,0
16.55,61.02,37.6,16.54,0
30.14,93.9,94.26,10.51,3
36.55,69.94,81.8,46.48,4
40.88,84.04,58.77,56.81,4
20.38,11.2,25.22,6.03,1
39.0,58.78,20.37,9.34,2
31.58,51.36,34.04,57.6,4
26.9,54.91,47.66,2.27,0
18.95,16.5,29.61,58.66,4
40.96,71.6,51.49,0.28,0
19.72,55.29,16.54,52.42,4
24.29,78.86,97.77,18.44,0
23.7,53.68,10.79,56.32,4
41.14,23.44,93.19,19.02,0
